time_local,is_forecast_grid,is_actual_observation,forecast_wind_speed,forecast_wind_min,forecast_wind_max,forecast_wind_dir_deg,lstm_pred_wind_speed_full,lstm_pred_wind_dir_deg_full,lstm_pred_wind_speed,lstm_pred_wind_dir_deg,forecast_temperature_c,weather_code,weather_source,is_daylight,total_cloud_cover_pct,total_precip_hourly_mm,snowfall_hourly_cm,visibility_m,actual_wind_speed,actual_wind_min,actual_wind_max,actual_wind_dir_deg,is_future,hour_local,minute_local
2026-09-30T00:00:00+0200,True,False,6.0,6.0,10.0,131.0,,125.80456,,,17.670557,1.0,knmi_p1,False,92.85126,0.0,0.0,50000.0,,,,,False,00,0
2026-09-30T00:00:04+0200,False,True,,,,,,,,,,,,,,,,,3.0,1.0,5.0,133.0,False,00,0
2026-09-30T00:03:04+0200,False,True,,,,,,,,,,,,,,,,,2.0,1.0,3.0,133.0,False,00,3
2026-09-30T00:06:00+0200,True,False,6.1,6.1,10.1,131.39977,,126.14297,,,,,,,,,,,,,,,False,00,6
2026-09-30T00:06:03+0200,False,True,,,,,,,,,,,,,,,,,2.0,1.0,4.0,133.0,False,00,6
2026-09-30T00:09:03+0200,False,True,,,,,,,,,,,,,,,,,3.0,1.0,4.0,133.0,False,00,9
2026-09-30T00:12:00+0200,True,False,6.2,6.2,10.2,131.79968,,126.48146,,,,,,,,,,,,,,,False,00,12
2026-09-30T00:12:04+0200,False,True,,,,,,,,,,,,,,,,,2.0,1.0,4.0,133.0,False,00,12
2026-09-30T00:15:04+0200,False,True,,,,,,,,,,,,,,,,,2.0,0.0,4.0,133.0,False,00,15
2026-09-30T00:18:00+0200,True,False,6.3,6.3,10.3,132.19972,,126.82004,,,,,,,,,,,,,,,False,00,18
2026-09-30T00:18:04+0200,False,True,,,,,,,,,,,,,,,,,2.0,0.0,3.0,134.0,False,00,18
2026-09-30T00:21:04+0200,False,True,,,,,,,,,,,,,,,,,2.0,0.0,4.0,134.0,False,00,21
2026-09-30T00:24:00+0200,True,False,6.4,6.4,10.4,132.59984,,127.15865,,,,,,,,,,,,,,,False,00,24
2026-09-30T00:24:04+0200,False,True,,,,,,,,,,,,,,,,,1.0,0.0,3.0,134.0,False,00,24
2026-09-30T00:27:04+0200,False,True,,,,,,,,,,,,,,,,,2.0,0.0,5.0,135.0,False,00,27
2026-09-30T00:30:00+0200,True,False,6.5,6.5,10.5,133.0,,127.49729,,,,,,,,,,,,,,,False,00,30
2026-09-30T00:30:03+0200,False,True,,,,,,,,,,,,,,,,,2.0,1.0,4.0,135.0,False,00,30
2026-09-30T00:33:04+0200,False,True,,,,,,,,,,,,,,,,,2.0,1.0,4.0,135.0,False,00,33
2026-09-30T00:36:00+0200,True,False,6.6,6.6,10.6,133.40016,,127.83594,,,,,,,,,,,,,,,False,00,36
2026-09-30T00:36:04+0200,False,True,,,,,,,,,,,,,,,,,2.0,0.0,4.0,131.0,False,00,36
2026-09-30T00:39:04+0200,False,True,,,,,,,,,,,,,,,,,2.0,0.0,3.0,131.0,False,00,39
2026-09-30T00:42:00+0200,True,False,6.7,6.7,10.7,133.80028,,128.17456,,,,,,,,,,,,,,,False,00,42
2026-09-30T00:42:04+0200,False,True,,,,,,,,,,,,,,,,,2.0,1.0,5.0,131.0,False,00,42
2026-09-30T00:45:04+0200,False,True,,,,,,,,,,,,,,,,,3.0,1.0,5.0,130.0,False,00,45
2026-09-30T00:48:00+0200,True,False,6.8,6.8,10.8,134.20032,,128.51312,,,,,,,,,,,,,,,False,00,48
2026-09-30T00:48:04+0200,False,True,,,,,,,,,,,,,,,,,3.0,2.0,4.0,130.0,False,00,48
2026-09-30T00:51:04+0200,False,True,,,,,,,,,,,,,,,,,3.0,1.0,5.0,129.0,False,00,51
2026-09-30T00:54:00+0200,True,False,6.9,6.9,10.9,134.60023,,128.85162,,,,,,,,,,,,,,,False,00,54
2026-09-30T00:54:04+0200,False,True,,,,,,,,,,,,,,,,,3.0,2.0,5.0,129.0,False,00,54
2026-09-30T00:57:04+0200,False,True,,,,,,,,,,,,,,,,,3.0,2.0,5.0,128.0,False,00,57
2026-09-30T01:00:00+0200,True,False,7.0,7.0,11.0,135.0,2.669778,129.19003,,,17.28921,1.0,knmi_p1,False,97.99347,0.0,0.0,50000.0,,,,,False,01,0
2026-09-30T01:00:04+0200,False,True,,,,,,,,,,,,,,,,,3.0,2.0,6.0,128.0,False,01,0
2026-09-30T01:03:04+0200,False,True,,,,,,,,,,,,,,,,,3.0,2.0,5.0,128.0,False,01,3
2026-09-30T01:06:00+0200,True,False,6.9,6.9,11.0,135.99634,2.6224792,130.06985,,,,,,,,,,,,,,,False,01,6
2026-09-30T01:06:04+0200,False,True,,,,,,,,,,,,,,,,,3.0,1.0,6.0,130.0,False,01,6
2026-09-30T01:09:04+0200,False,True,,,,,,,,,,,,,,,,,4.0,2.0,6.0,130.0,False,01,9
2026-09-30T01:12:00+0200,True,False,6.8,6.8,11.0,136.99512,2.5751803,130.95135,,,,,,,,,,,,,,,False,01,12
2026-09-30T01:12:04+0200,False,True,,,,,,,,,,,,,,,,,3.0,2.0,5.0,130.0,False,01,12
2026-09-30T01:15:05+0200,False,True,,,,,,,,,,,,,,,,,3.0,2.0,5.0,130.0,False,01,15
2026-09-30T01:18:00+0200,True,False,6.7,6.7,11.0,137.99573,2.5278816,131.83412,,,,,,,,,,,,,,,False,01,18
2026-09-30T01:18:05+0200,False,True,,,,,,,,,,,,,,,,,2.0,1.0,3.0,131.0,False,01,18
2026-09-30T01:21:05+0200,False,True,,,,,,,,,,,,,,,,,2.0,2.0,4.0,131.0,False,01,21
2026-09-30T01:24:00+0200,True,False,6.6,6.6,11.0,138.99756,2.4805827,132.71771,,,,,,,,,,,,,,,False,01,24
2026-09-30T01:24:05+0200,False,True,,,,,,,,,,,,,,,,,2.0,1.0,4.0,131.0,False,01,24
2026-09-30T01:27:04+0200,False,True,,,,,,,,,,,,,,,,,2.0,1.0,4.0,131.0,False,01,27
2026-09-30T01:30:00+0200,True,False,6.5,6.5,11.0,140.0,2.4332838,133.60173,,,,,,,,,,,,,,,False,01,30
2026-09-30T01:30:04+0200,False,True,,,,,,,,,,,,,,,,,2.0,1.0,3.0,131.0,False,01,30
2026-09-30T01:33:04+0200,False,True,,,,,,,,,,,,,,,,,1.0,1.0,3.0,131.0,False,01,33
2026-09-30T01:36:00+0200,True,False,6.4,6.4,11.0,141.00244,2.385985,134.48575,,,,,,,,,,,,,,,False,01,36
2026-09-30T01:36:04+0200,False,True,,,,,,,,,,,,,,,,,1.0,0.0,3.0,131.0,False,01,36
2026-09-30T01:39:05+0200,False,True,,,,,,,,,,,,,,,,,2.0,1.0,3.0,131.0,False,01,39
2026-09-30T01:42:00+0200,True,False,6.3,6.3,11.0,142.00427,2.338686,135.36934,,,,,,,,,,,,,,,False,01,42
2026-09-30T01:42:04+0200,False,True,,,,,,,,,,,,,,,,,2.0,0.0,4.0,131.0,False,01,42
2026-09-30T01:45:04+0200,False,True,,,,,,,,,,,,,,,,,2.0,2.0,3.0,131.0,False,01,45
2026-09-30T01:48:00+0200,True,False,6.2,6.2,11.0,143.00488,2.2913873,136.2521,,,,,,,,,,,,,,,False,01,48
2026-09-30T01:48:04+0200,False,True,,,,,,,,,,,,,,,,,2.0,1.0,3.0,131.0,False,01,48
2026-09-30T01:51:04+0200,False,True,,,,,,,,,,,,,,,,,1.0,0.0,2.0,131.0,False,01,51
2026-09-30T01:54:00+0200,True,False,6.1,6.1,11.0,144.00366,2.2440884,137.1336,,,,,,,,,,,,,,,False,01,54
2026-09-30T01:54:05+0200,False,True,,,,,,,,,,,,,,,,,2.0,1.0,3.0,131.0,False,01,54
2026-09-30T01:57:04+0200,False,True,,,,,,,,,,,,,,,,,1.0,0.0,2.0,131.0,False,01,57
2026-09-30T02:00:00+0200,True,False,6.0,6.0,11.0,145.0,2.1967895,138.01343,,,17.315577,1.0,knmi_p1,False,99.77722,0.0,0.0,50000.0,,,,,False,02,0
2026-09-30T02:00:04+0200,False,True,,,,,,,,,,,,,,,,,2.0,1.0,4.0,131.0,False,02,0
2026-09-30T02:03:05+0200,False,True,,,,,,,,,,,,,,,,,1.0,1.0,3.0,131.0,False,02,3
2026-09-30T02:06:00+0200,True,False,6.0,6.0,10.9,144.10266,2.241511,137.04254,,,,,,,,,,,,,,,False,02,6
2026-09-30T02:06:05+0200,False,True,,,,,,,,,,,,,,,,,3.0,2.0,4.0,131.0,False,02,6
2026-09-30T02:09:05+0200,False,True,,,,,,,,,,,,,,,,,2.0,1.0,3.0,131.0,False,02,9
2026-09-30T02:12:00+0200,True,False,6.0,6.0,10.8,143.20355,2.2862327,136.06941,,,,,,,,,,,,,,,False,02,12
2026-09-30T02:12:05+0200,False,True,,,,,,,,,,,,,,,,,2.0,1.0,3.0,131.0,False,02,12
2026-09-30T02:15:05+0200,False,True,,,,,,,,,,,,,,,,,2.0,1.0,5.0,133.0,False,02,15
2026-09-30T02:18:00+0200,True,False,6.0,6.0,10.7,142.30312,2.3309543,135.09459,,,,,,,,,,,,,,,False,02,18
2026-09-30T02:18:05+0200,False,True,,,,,,,,,,,,,,,,,2.0,1.0,3.0,136.0,False,02,18
2026-09-30T02:21:05+0200,False,True,,,,,,,,,,,,,,,,,2.0,1.0,4.0,136.0,False,02,21
2026-09-30T02:24:00+0200,True,False,6.0,6.0,10.6,141.40178,2.375676,134.11864,,,,,,,,,,,,,,,False,02,24
2026-09-30T02:27:04+0200,False,True,,,,,,,,,,,,,,,,,2.0,1.0,5.0,136.0,False,02,27
2026-09-30T02:30:00+0200,True,False,6.0,6.0,10.5,140.5,2.4203975,133.14212,,,,,,,,,,,,,,,False,02,30
2026-09-30T02:30:05+0200,False,True,,,,,,,,,,,,,,,,,3.0,2.0,4.0,136.0,False,02,30
2026-09-30T02:33:04+0200,False,True,,,,,,,,,,,,,,,,,2.0,1.0,3.0,136.0,False,02,33
2026-09-30T02:36:00+0200,True,False,6.0,6.0,10.4,139.59822,2.4651191,132.1656,,,,,,,,,,,,,,,False,02,36
2026-09-30T02:36:05+0200,False,True,,,,,,,,,,,,,,,,,2.0,1.0,4.0,136.0,False,02,36
2026-09-30T02:39:05+0200,False,True,,,,,,,,,,,,,,,,,2.0,1.0,3.0,136.0,False,02,39
2026-09-30T02:42:00+0200,True,False,6.0,6.0,10.3,138.69688,2.5098407,131.18965,,,,,,,,,,,,,,,False,02,42
2026-09-30T02:42:05+0200,False,True,,,,,,,,,,,,,,,,,3.0,2.0,5.0,136.0,False,02,42
2026-09-30T02:45:05+0200,False,True,,,,,,,,,,,,,,,,,3.0,2.0,5.0,136.0,False,02,45
2026-09-30T02:48:00+0200,True,False,6.0,6.0,10.2,137.79645,2.5545623,130.21483,,,,,,,,,,,,,,,False,02,48
2026-09-30T02:48:05+0200,False,True,,,,,,,,,,,,,,,,,3.0,2.0,4.0,136.0,False,02,48
2026-09-30T02:51:05+0200,False,True,,,,,,,,,,,,,,,,,3.0,2.0,5.0,136.0,False,02,51
2026-09-30T02:54:00+0200,True,False,6.0,6.0,10.1,136.89734,2.599284,129.2417,,,,,,,,,,,,,,,False,02,54
2026-09-30T02:54:05+0200,False,True,,,,,,,,,,,,,,,,,3.0,2.0,5.0,136.0,False,02,54
2026-09-30T02:57:05+0200,False,True,,,,,,,,,,,,,,,,,3.0,2.0,5.0,136.0,False,02,57
2026-09-30T03:00:00+0200,True,False,6.0,6.0,10.0,136.0,2.6440055,128.27081,,,16.853907,1.0,knmi_p1,False,99.943535,0.0,0.0,50000.0,,,,,False,03,0
2026-09-30T03:00:05+0200,False,True,,,,,,,,,,,,,,,,,2.0,1.0,4.0,135.0,False,03,0
2026-09-30T03:03:05+0200,False,True,,,,,,,,,,,,,,,,,3.0,2.0,4.0,136.0,False,03,3
2026-09-30T03:06:00+0200,True,False,6.1,6.1,10.1,136.0,2.6550493,128.2474,,,,,,,,,,,,,,,False,03,6
2026-09-30T03:06:05+0200,False,True,,,,,,,,,,,,,,,,,2.0,1.0,4.0,136.0,False,03,6
2026-09-30T03:09:05+0200,False,True,,,,,,,,,,,,,,,,,2.0,1.0,4.0,135.0,False,03,9
2026-09-30T03:12:00+0200,True,False,6.2,6.2,10.2,136.0,2.6660933,128.22401,,,,,,,,,,,,,,,False,03,12
2026-09-30T03:12:05+0200,False,True,,,,,,,,,,,,,,,,,2.0,1.0,4.0,135.0,False,03,12
2026-09-30T03:15:05+0200,False,True,,,,,,,,,,,,,,,,,3.0,2.0,5.0,136.0,False,03,15
2026-09-30T03:18:00+0200,True,False,6.3,6.3,10.3,136.0,2.6771371,128.2006,,,,,,,,,,,,,,,False,03,18
2026-09-30T03:18:05+0200,False,True,,,,,,,,,,,,,,,,,3.0,1.0,6.0,135.0,False,03,18
2026-09-30T03:21:05+0200,False,True,,,,,,,,,,,,,,,,,3.0,1.0,4.0,135.0,False,03,21
2026-09-30T03:24:00+0200,True,False,6.4,6.4,10.4,136.0,2.6881812,128.17722,,,,,,,,,,,,,,,False,03,24
2026-09-30T03:24:05+0200,False,True,,,,,,,,,,,,,,,,,3.0,1.0,4.0,135.0,False,03,24
2026-09-30T03:27:05+0200,False,True,,,,,,,,,,,,,,,,,3.0,2.0,5.0,135.0,False,03,27
2026-09-30T03:30:00+0200,True,False,6.5,6.5,10.5,136.0,2.699225,128.15381,,,,,,,,,,,,,,,False,03,30
2026-09-30T03:30:05+0200,False,True,,,,,,,,,,,,,,,,,3.0,2.0,4.0,135.0,False,03,30
2026-09-30T03:33:05+0200,False,True,,,,,,,,,,,,,,,,,2.0,1.0,5.0,135.0,False,03,33
2026-09-30T03:36:00+0200,True,False,6.6,6.6,10.6,136.0,2.7102687,128.1304,,,,,,,,,,,,,,,False,03,36
2026-09-30T03:36:05+0200,False,True,,,,,,,,,,,,,,,,,2.0,1.0,3.0,135.0,False,03,36
2026-09-30T03:39:05+0200,False,True,,,,,,,,,,,,,,,,,2.0,1.0,3.0,135.0,False,03,39
2026-09-30T03:42:00+0200,True,False,6.7,6.7,10.7,136.0,2.7213128,128.10701,,,,,,,,,,,,,,,False,03,42
2026-09-30T03:42:05+0200,False,True,,,,,,,,,,,,,,,,,1.0,0.0,2.0,135.0,False,03,42
2026-09-30T03:45:05+0200,False,True,,,,,,,,,,,,,,,,,1.0,0.0,2.0,135.0,False,03,45
2026-09-30T03:48:00+0200,True,False,6.8,6.8,10.8,136.0,2.7323565,128.0836,,,,,,,,,,,,,,,False,03,48
2026-09-30T03:48:05+0200,False,True,,,,,,,,,,,,,,,,,1.0,0.0,3.0,135.0,False,03,48
2026-09-30T03:51:05+0200,False,True,,,,,,,,,,,,,,,,,2.0,1.0,5.0,135.0,False,03,51
2026-09-30T03:54:00+0200,True,False,6.9,6.9,10.9,136.0,2.7434006,128.06021,,,,,,,,,,,,,,,False,03,54
2026-09-30T03:54:05+0200,False,True,,,,,,,,,,,,,,,,,2.0,1.0,3.0,135.0,False,03,54
2026-09-30T03:57:05+0200,False,True,,,,,,,,,,,,,,,,,2.0,1.0,3.0,135.0,False,03,57
2026-09-30T04:00:00+0200,True,False,7.0,7.0,11.0,136.0,2.7544444,128.0368,,,16.637354,1.0,knmi_p1,False,82.18994,0.0,0.0,16695.385,,,,,False,04,0
2026-09-30T04:00:06+0200,False,True,,,,,,,,,,,,,,,,,1.0,1.0,3.0,135.0,False,04,0
2026-09-30T04:03:05+0200,False,True,,,,,,,,,,,,,,,,,1.0,1.0,2.0,135.0,False,04,3
2026-09-30T04:06:00+0200,True,False,7.0,7.0,11.1,136.49954,2.7379594,128.28993,,,,,,,,,,,,,,,False,04,6
2026-09-30T04:06:06+0200,False,True,,,,,,,,,,,,,,,,,1.0,1.0,3.0,135.0,False,04,6
2026-09-30T04:09:05+0200,False,True,,,,,,,,,,,,,,,,,2.0,1.0,3.0,135.0,False,04,9
2026-09-30T04:12:00+0200,True,False,7.0,7.0,11.2,136.99939,2.7214742,128.5431,,,,,,,,,,,,,,,False,04,12
2026-09-30T04:12:06+0200,False,True,,,,,,,,,,,,,,,,,2.0,1.0,3.0,135.0,False,04,12
2026-09-30T04:15:05+0200,False,True,,,,,,,,,,,,,,,,,2.0,1.0,3.0,135.0,False,04,15
2026-09-30T04:18:00+0200,True,False,7.0,7.0,11.3,137.49947,2.7049892,128.7963,,,,,,,,,,,,,,,False,04,18
2026-09-30T04:18:05+0200,False,True,,,,,,,,,,,,,,,,,1.0,0.0,2.0,135.0,False,04,18
2026-09-30T04:21:05+0200,False,True,,,,,,,,,,,,,,,,,2.0,1.0,5.0,135.0,False,04,21
2026-09-30T04:24:00+0200,True,False,7.0,7.0,11.4,137.9997,2.6885042,129.04951,,,,,,,,,,,,,,,False,04,24
2026-09-30T04:24:05+0200,False,True,,,,,,,,,,,,,,,,,2.0,1.0,4.0,135.0,False,04,24
2026-09-30T04:27:06+0200,False,True,,,,,,,,,,,,,,,,,2.0,1.0,4.0,135.0,False,04,27
2026-09-30T04:30:00+0200,True,False,7.0,7.0,11.5,138.5,2.672019,129.30275,,,,,,,,,,,,,,,False,04,30
2026-09-30T04:30:05+0200,False,True,,,,,,,,,,,,,,,,,2.0,1.0,3.0,135.0,False,04,30
2026-09-30T04:33:05+0200,False,True,,,,,,,,,,,,,,,,,2.0,1.0,3.0,135.0,False,04,33
2026-09-30T04:36:00+0200,True,False,7.0,7.0,11.6,139.0003,2.655534,129.55598,,,,,,,,,,,,,,,False,04,36
2026-09-30T04:36:06+0200,False,True,,,,,,,,,,,,,,,,,2.0,1.0,3.0,135.0,False,04,36
2026-09-30T04:39:05+0200,False,True,,,,,,,,,,,,,,,,,2.0,1.0,3.0,135.0,False,04,39
2026-09-30T04:42:00+0200,True,False,7.0,7.0,11.7,139.50053,2.639049,129.8092,,,,,,,,,,,,,,,False,04,42
2026-09-30T04:42:06+0200,False,True,,,,,,,,,,,,,,,,,2.0,1.0,3.0,135.0,False,04,42
2026-09-30T04:45:05+0200,False,True,,,,,,,,,,,,,,,,,2.0,1.0,3.0,135.0,False,04,45
2026-09-30T04:48:00+0200,True,False,7.0,7.0,11.8,140.00061,2.622564,130.0624,,,,,,,,,,,,,,,False,04,48
2026-09-30T04:48:06+0200,False,True,,,,,,,,,,,,,,,,,2.0,1.0,4.0,135.0,False,04,48
2026-09-30T04:51:05+0200,False,True,,,,,,,,,,,,,,,,,2.0,1.0,3.0,135.0,False,04,51
2026-09-30T04:54:00+0200,True,False,7.0,7.0,11.9,140.50046,2.6060789,130.31557,,,,,,,,,,,,,,,False,04,54
2026-09-30T04:54:06+0200,False,True,,,,,,,,,,,,,,,,,2.0,1.0,4.0,135.0,False,04,54
2026-09-30T04:57:06+0200,False,True,,,,,,,,,,,,,,,,,2.0,1.0,4.0,135.0,False,04,57
2026-09-30T05:00:00+0200,True,False,7.0,7.0,12.0,141.0,2.589594,130.5687,,,17.11294,2.0,knmi_p1,False,95.27893,0.0,0.0,50000.0,,,,,False,05,0
2026-09-30T05:00:06+0200,False,True,,,,,,,,,,,,,,,,,2.0,1.0,3.0,135.0,False,05,0
2026-09-30T05:03:06+0200,False,True,,,,,,,,,,,,,,,,,2.0,1.0,4.0,135.0,False,05,3
2026-09-30T05:06:00+0200,True,False,7.0,7.0,12.0,140.50046,2.6678863,130.32733,,,,,,,,,,,,,,,False,05,6
2026-09-30T05:06:06+0200,False,True,,,,,,,,,,,,,,,,,2.0,1.0,3.0,135.0,False,05,6
2026-09-30T05:09:06+0200,False,True,,,,,,,,,,,,,,,,,3.0,2.0,5.0,134.0,False,05,9
2026-09-30T05:12:00+0200,True,False,7.0,7.0,12.0,140.00061,2.7461789,130.08594,,,,,,,,,,,,,,,False,05,12
2026-09-30T05:12:06+0200,False,True,,,,,,,,,,,,,,,,,2.0,1.0,4.0,134.0,False,05,12
2026-09-30T05:15:06+0200,False,True,,,,,,,,,,,,,,,,,3.0,1.0,5.0,134.0,False,05,15
2026-09-30T05:18:00+0200,True,False,7.0,7.0,12.0,139.50053,2.8244715,129.84451,,,,,,,,,,,,,,,False,05,18
2026-09-30T05:18:06+0200,False,True,,,,,,,,,,,,,,,,,2.0,1.0,4.0,134.0,False,05,18
2026-09-30T05:21:06+0200,False,True,,,,,,,,,,,,,,,,,3.0,1.0,5.0,134.0,False,05,21
2026-09-30T05:24:00+0200,True,False,7.0,7.0,12.0,139.0003,2.9027638,129.60307,,,,,,,,,,,,,,,False,05,24
2026-09-30T05:24:07+0200,False,True,,,,,,,,,,,,,,,,,3.0,2.0,5.0,134.0,False,05,24
2026-09-30T05:27:06+0200,False,True,,,,,,,,,,,,,,,,,3.0,2.0,6.0,132.0,False,05,27
2026-09-30T05:30:00+0200,True,False,7.0,7.0,12.0,138.5,2.9810562,129.36163,,,,,,,,,,,,,,,False,05,30
2026-09-30T05:30:06+0200,False,True,,,,,,,,,,,,,,,,,3.0,1.0,5.0,127.0,False,05,30
2026-09-30T05:33:06+0200,False,True,,,,,,,,,,,,,,,,,3.0,2.0,6.0,126.0,False,05,33
2026-09-30T05:36:00+0200,True,False,7.0,7.0,12.0,137.9997,3.0593488,129.12018,,,,,,,,,,,,,,,False,05,36
2026-09-30T05:39:06+0200,False,True,,,,,,,,,,,,,,,,,3.0,1.0,6.0,122.0,False,05,39
2026-09-30T05:42:00+0200,True,False,7.0,7.0,12.0,137.49947,3.1376414,128.87874,,,,,,,,,,,,,,,False,05,42
2026-09-30T05:42:13+0200,False,True,,,,,,,,,,,,,,,,,3.0,2.0,6.0,125.0,False,05,42
2026-09-30T05:45:12+0200,False,True,,,,,,,,,,,,,,,,,3.0,2.0,5.0,126.0,False,05,45
2026-09-30T05:48:00+0200,True,False,7.0,7.0,12.0,136.99939,3.2159338,128.63731,,,,,,,,,,,,,,,False,05,48
2026-09-30T05:48:06+0200,False,True,,,,,,,,,,,,,,,,,3.0,2.0,5.0,125.0,False,05,48
2026-09-30T05:51:08+0200,False,True,,,,,,,,,,,,,,,,,3.0,2.0,6.0,126.0,False,05,51
2026-09-30T05:54:00+0200,True,False,7.0,7.0,12.0,136.49954,3.2942262,128.39592,,,,,,,,,,,,,,,False,05,54
2026-09-30T05:54:06+0200,False,True,,,,,,,,,,,,,,,,,3.0,1.0,7.0,129.0,False,05,54
2026-09-30T05:57:06+0200,False,True,,,,,,,,,,,,,,,,,3.0,2.0,6.0,130.0,False,05,57
2026-09-30T06:00:00+0200,True,False,7.0,7.0,12.0,136.0,3.3725188,128.15456,,,17.360498,1.0,knmi_p1,False,99.3515,0.0,0.0,50000.0,,,,,False,06,0
2026-09-30T06:00:06+0200,False,True,,,,,,,,,,,,,,,,,3.0,2.0,4.0,130.0,False,06,0
2026-09-30T06:03:07+0200,False,True,,,,,,,,,,,,,,,,,3.0,2.0,7.0,127.0,False,06,3
2026-09-30T06:06:00+0200,True,False,7.0,7.0,12.0,136.69875,3.3987143,128.57013,,,,,,,,,,,,,,,False,06,6
2026-09-30T06:06:06+0200,False,True,,,,,,,,,,,,,,,,,4.0,2.0,6.0,126.0,False,06,6
2026-09-30T06:09:07+0200,False,True,,,,,,,,,,,,,,,,,3.0,1.0,5.0,128.0,False,06,9
2026-09-30T06:12:00+0200,True,False,7.0,7.0,12.0,137.39833,3.4249096,128.98589,,,,,,,,,,,,,,,False,06,12
2026-09-30T06:12:06+0200,False,True,,,,,,,,,,,,,,,,,3.0,1.0,7.0,133.0,False,06,12
2026-09-30T06:15:06+0200,False,True,,,,,,,,,,,,,,,,,3.0,2.0,4.0,134.0,False,06,15
2026-09-30T06:18:00+0200,True,False,7.0,7.0,12.0,138.09854,3.451105,129.40178,,,,,,,,,,,,,,,False,06,18
2026-09-30T06:18:07+0200,False,True,,,,,,,,,,,,,,,,,3.0,1.0,4.0,134.0,False,06,18
2026-09-30T06:21:06+0200,False,True,,,,,,,,,,,,,,,,,3.0,1.0,5.0,134.0,False,06,21
2026-09-30T06:24:00+0200,True,False,7.0,7.0,12.0,138.79916,3.4773006,129.81775,,,,,,,,,,,,,,,False,06,24
2026-09-30T06:24:06+0200,False,True,,,,,,,,,,,,,,,,,4.0,3.0,6.0,136.0,False,06,24
2026-09-30T06:27:07+0200,False,True,,,,,,,,,,,,,,,,,3.0,1.0,5.0,136.0,False,06,27
2026-09-30T06:30:00+0200,True,False,7.0,7.0,12.0,139.5,3.5034962,130.23376,,,,,,,,,,,,,,,False,06,30
2026-09-30T06:30:06+0200,False,True,,,,,,,,,,,,,,,,,3.0,2.0,4.0,136.0,False,06,30
2026-09-30T06:33:06+0200,False,True,,,,,,,,,,,,,,,,,3.0,1.0,5.0,136.0,False,06,33
2026-09-30T06:36:00+0200,True,False,7.0,7.0,12.0,140.20084,3.5296915,130.64978,,,,,,,,,,,,,,,False,06,36
2026-09-30T06:36:06+0200,False,True,,,,,,,,,,,,,,,,,3.0,2.0,4.0,136.0,False,06,36
2026-09-30T06:39:07+0200,False,True,,,,,,,,,,,,,,,,,3.0,1.0,5.0,136.0,False,06,39
2026-09-30T06:42:00+0200,True,False,7.0,7.0,12.0,140.90146,3.555887,131.06575,,,,,,,,,,,,,,,False,06,42
2026-09-30T06:42:06+0200,False,True,,,,,,,,,,,,,,,,,3.0,1.0,5.0,136.0,False,06,42
2026-09-30T06:45:06+0200,False,True,,,,,,,,,,,,,,,,,3.0,1.0,4.0,136.0,False,06,45
2026-09-30T06:48:00+0200,True,False,7.0,7.0,12.0,141.60167,3.5820825,131.48164,,,,,,,,,,,,,,,False,06,48
2026-09-30T06:48:06+0200,False,True,,,,,,,,,,,,,,,,,3.0,2.0,5.0,136.0,False,06,48
2026-09-30T06:51:06+0200,False,True,,,,,,,,,,,,,,,,,3.0,2.0,4.0,136.0,False,06,51
2026-09-30T06:54:00+0200,True,False,7.0,7.0,12.0,142.30125,3.6082778,131.8974,,,,,,,,,,,,,,,False,06,54
2026-09-30T06:54:06+0200,False,True,,,,,,,,,,,,,,,,,3.0,2.0,5.0,136.0,False,06,54
2026-09-30T06:57:06+0200,False,True,,,,,,,,,,,,,,,,,3.0,2.0,6.0,136.0,False,06,57
2026-09-30T07:00:00+0200,True,False,7.0,7.0,12.0,143.0,3.6344733,132.31297,3.6344733,132.31297,17.168848,1.0,knmi_p1,False,99.8764,0.0,0.0,20383.957,,,,,False,07,0
2026-09-30T07:06:00+0200,True,False,7.0,7.0,11.9,143.19997,3.6908965,132.34882,3.6908965,133.03009,,,,,,,,,,,,,False,07,6
2026-09-30T07:12:00+0200,True,False,7.0,7.0,11.8,143.39996,3.7473197,132.38464,3.7473197,133.74811,,,,,,,,,,,,,False,07,12
2026-09-30T07:18:00+0200,True,False,7.0,7.0,11.7,143.59996,3.8037431,132.42049,3.8037431,134.4668,,,,,,,,,,,,,False,07,18
2026-09-30T07:24:00+0200,True,False,7.0,7.0,11.6,143.79999,3.8601663,132.45631,3.8601663,135.18594,,,,,,,,,,,,,False,07,24
2026-09-30T07:30:00+0200,True,False,7.0,7.0,11.5,144.0,3.9165895,132.49216,3.9165895,135.90532,,,,,,,,,,,,,False,07,30
2026-09-30T07:36:00+0200,True,False,7.0,7.0,11.4,144.20001,3.9730127,132.528,3.9730127,136.6247,,,,,,,,,,,,,False,07,36
2026-09-30T07:42:00+0200,True,False,7.0,7.0,11.3,144.40004,4.029436,132.56383,4.029436,137.34384,,,,,,,,,,,,,False,07,42
2026-09-30T07:48:00+0200,True,False,7.0,7.0,11.2,144.60004,4.0858593,132.59967,4.0858593,138.06253,,,,,,,,,,,,,False,07,48
2026-09-30T07:54:00+0200,True,False,7.0,7.0,11.1,144.80003,4.1422825,132.6355,4.1422825,138.78055,,,,,,,,,,,,,False,07,54
2026-09-30T08:00:00+0200,True,False,7.0,7.0,11.0,145.0,4.1987057,132.67134,4.1987057,139.49767,17.10879,1.0,knmi_p1,True,99.972534,0.0,0.0,50000.0,,,,,True,08,0
2026-09-30T08:06:00+0200,True,False,7.0,7.0,11.1,145.19997,4.2506027,132.92293,4.2506027,139.65184,,,,,,,,,,,,,True,08,6
2026-09-30T08:12:00+0200,True,False,7.0,7.0,11.2,145.39996,4.3025002,133.17455,4.3025002,139.80603,,,,,,,,,,,,,True,08,12
2026-09-30T08:18:00+0200,True,False,7.0,7.0,11.3,145.59996,4.354398,133.4262,4.354398,139.96024,,,,,,,,,,,,,True,08,18
2026-09-30T08:24:00+0200,True,False,7.0,7.0,11.4,145.79999,4.406295,133.67787,4.406295,140.11444,,,,,,,,,,,,,True,08,24
2026-09-30T08:30:00+0200,True,False,7.0,7.0,11.5,146.0,4.458192,133.92955,4.458192,140.26865,,,,,,,,,,,,,True,08,30
2026-09-30T08:36:00+0200,True,False,7.0,7.0,11.6,146.20001,4.5100894,134.18123,4.5100894,140.42284,,,,,,,,,,,,,True,08,36
2026-09-30T08:42:00+0200,True,False,7.0,7.0,11.7,146.40004,4.561987,134.4329,4.561987,140.57704,,,,,,,,,,,,,True,08,42
2026-09-30T08:48:00+0200,True,False,7.0,7.0,11.8,146.60004,4.613884,134.68456,4.613884,140.73125,,,,,,,,,,,,,True,08,48
2026-09-30T08:54:00+0200,True,False,7.0,7.0,11.9,146.80003,4.665781,134.93617,4.665781,140.88544,,,,,,,,,,,,,True,08,54
2026-09-30T09:00:00+0200,True,False,7.0,7.0,12.0,147.0,4.7176785,135.18776,4.7176785,141.03961,17.882715,1.0,knmi_p1,True,99.85809,0.0,0.0,50000.0,,,,,True,09,0
2026-09-30T09:06:00+0200,True,False,7.0,7.0,12.1,147.99634,4.780496,136.5091,4.780496,141.92546,,,,,,,,,,,,,True,09,6
2026-09-30T09:12:00+0200,True,False,7.0,7.0,12.2,148.99512,4.8433137,137.83615,4.8433137,142.81303,,,,,,,,,,,,,True,09,12
2026-09-30T09:18:00+0200,True,False,7.0,7.0,12.3,149.99573,4.9061313,139.16751,4.9061313,143.70187,,,,,,,,,,,,,True,09,18
2026-09-30T09:24:00+0200,True,False,7.0,7.0,12.4,150.99756,4.968949,140.50177,4.968949,144.59157,,,,,,,,,,,,,True,09,24
2026-09-30T09:30:00+0200,True,False,7.0,7.0,12.5,152.0,5.031767,141.83746,5.031767,145.4817,,,,,,,,,,,,,True,09,30
2026-09-30T09:36:00+0200,True,False,7.0,7.0,12.6,153.00244,5.0945845,143.17317,5.0945845,146.37184,,,,,,,,,,,,,True,09,36
2026-09-30T09:42:00+0200,True,False,7.0,7.0,12.7,154.00427,5.157402,144.50743,5.157402,147.26154,,,,,,,,,,,,,True,09,42
2026-09-30T09:48:00+0200,True,False,7.0,7.0,12.8,155.00488,5.2202196,145.83879,5.2202196,148.15038,,,,,,,,,,,,,True,09,48
2026-09-30T09:54:00+0200,True,False,7.0,7.0,12.9,156.00366,5.283037,147.16585,5.283037,149.03795,,,,,,,,,,,,,True,09,54
2026-09-30T10:00:00+0200,True,False,7.0,7.0,13.0,157.0,5.3458548,148.48718,5.3458548,149.9238,19.24209,1.0,knmi_p1,True,99.83826,0.0,0.0,50000.0,,,,,True,10,0
2026-09-30T10:06:00+0200,True,False,7.1,7.1,13.2,158.68204,5.468739,150.45235,5.468739,151.54951,,,,,,,,,,,,,True,10,6
2026-09-30T10:12:00+0200,True,False,7.2,7.2,13.4,160.37596,5.591624,152.43665,5.591624,153.18594,,,,,,,,,,,,,True,10,12
2026-09-30T10:18:00+0200,True,False,7.3,7.3,13.6,162.0789,5.714508,154.43553,5.714508,154.8305,,,,,,,,,,,,,True,10,18
2026-09-30T10:24:00+0200,True,False,7.4,7.4,13.8,163.78793,5.837393,156.44429,5.837393,156.48053,,,,,,,,,,,,,True,10,24
2026-09-30T10:30:00+0200,True,False,7.5,7.5,14.0,165.5,5.960277,158.458,5.960277,158.13332,,,,,,,,,,,,,True,10,30
2026-09-30T10:36:00+0200,True,False,7.6,7.6,14.2,167.21207,6.0831614,160.4717,6.0831614,159.78609,,,,,,,,,,,,,True,10,36
2026-09-30T10:42:00+0200,True,False,7.7,7.7,14.4,168.9211,6.206046,162.48045,6.206046,161.43611,,,,,,,,,,,,,True,10,42
2026-09-30T10:48:00+0200,True,False,7.8,7.8,14.6,170.62404,6.3289304,164.47934,6.3289304,163.08067,,,,,,,,,,,,,True,10,48
2026-09-30T10:54:00+0200,True,False,7.9,7.9,14.8,172.31796,6.451815,166.46364,6.451815,164.7171,,,,,,,,,,,,,True,10,54
2026-09-30T11:00:00+0200,True,False,8.0,8.0,15.0,174.0,6.5746994,168.4288,6.5746994,166.34282,21.773096,0.0,knmi_p1,True,14.437866,0.0,0.0,50000.0,,,,,True,11,0
2026-09-30T11:06:00+0200,True,False,7.9,7.9,15.0,174.19997,6.579476,168.06734,6.579476,166.50114,,,,,,,,,,,,,True,11,6
2026-09-30T11:12:00+0200,True,False,7.8,7.8,15.0,174.39996,6.584252,167.70576,6.584252,166.65947,,,,,,,,,,,,,True,11,12
2026-09-30T11:18:00+0200,True,False,7.7,7.7,15.0,174.59996,6.5890284,167.3441,6.5890284,166.81781,,,,,,,,,,,,,True,11,18
2026-09-30T11:24:00+0200,True,False,7.6,7.6,15.0,174.79999,6.5938044,166.98239,6.5938044,166.97615,,,,,,,,,,,,,True,11,24
2026-09-30T11:30:00+0200,True,False,7.5,7.5,15.0,175.0,6.598581,166.62064,6.598581,167.1345,,,,,,,,,,,,,True,11,30
2026-09-30T11:36:00+0200,True,False,7.4,7.4,15.0,175.20001,6.6033573,166.25888,6.6033573,167.29285,,,,,,,,,,,,,True,11,36
2026-09-30T11:42:00+0200,True,False,7.3,7.3,15.0,175.40004,6.6081333,165.89717,6.6081333,167.45119,,,,,,,,,,,,,True,11,42
2026-09-30T11:48:00+0200,True,False,7.2,7.2,15.0,175.60004,6.61291,165.5355,6.61291,167.60953,,,,,,,,,,,,,True,11,48
2026-09-30T11:54:00+0200,True,False,7.1,7.1,15.0,175.80003,6.617686,165.17393,6.617686,167.76785,,,,,,,,,,,,,True,11,54
2026-09-30T12:00:00+0200,True,False,7.0,7.0,15.0,176.0,6.6224623,164.81247,6.6224623,167.92618,22.846338,1.0,knmi_p1,True,95.52002,0.0,0.0,50000.0,,,,,True,12,0
2026-09-30T12:06:00+0200,True,False,6.9,6.9,14.8,176.19997,6.59411,164.51749,6.59411,167.89903,,,,,,,,,,,,,True,12,6
2026-09-30T12:12:00+0200,True,False,6.8,6.8,14.6,176.39996,6.5657578,164.22243,6.5657578,167.87189,,,,,,,,,,,,,True,12,12
2026-09-30T12:18:00+0200,True,False,6.7,6.7,14.4,176.59996,6.5374055,163.92732,6.5374055,167.84476,,,,,,,,,,,,,True,12,18
2026-09-30T12:24:00+0200,True,False,6.6,6.6,14.2,176.79999,6.509053,163.6322,6.509053,167.81761,,,,,,,,,,,,,True,12,24
2026-09-30T12:30:00+0200,True,False,6.5,6.5,14.0,177.0,6.480701,163.33705,6.480701,167.79047,,,,,,,,,,,,,True,12,30
2026-09-30T12:36:00+0200,True,False,6.4,6.4,13.8,177.20001,6.4523487,163.0419,6.4523487,167.76332,,,,,,,,,,,,,True,12,36
2026-09-30T12:42:00+0200,True,False,6.3,6.3,13.6,177.40004,6.4239964,162.74678,6.4239964,167.73618,,,,,,,,,,,,,True,12,42
2026-09-30T12:48:00+0200,True,False,6.2,6.2,13.4,177.60004,6.395644,162.45168,6.395644,167.70905,,,,,,,,,,,,,True,12,48
2026-09-30T12:54:00+0200,True,False,6.1,6.1,13.2,177.80003,6.367292,162.15662,6.367292,167.6819,,,,,,,,,,,,,True,12,54
2026-09-30T13:00:00+0200,True,False,6.0,6.0,13.0,178.0,6.3389397,161.86163,6.3389397,167.65475,23.221582,1.0,knmi_p1,True,100.0,0.0,0.0,50000.0,,,,,True,13,0
2026-09-30T13:06:00+0200,True,False,6.0,6.0,12.8,177.7001,6.305423,161.62425,6.305423,167.57936,,,,,,,,,,,,,True,13,6
2026-09-30T13:12:00+0200,True,False,6.0,6.0,12.6,177.40013,6.2719064,161.38683,6.2719064,167.50395,,,,,,,,,,,,,True,13,12
2026-09-30T13:18:00+0200,True,False,6.0,6.0,12.4,177.10011,6.23839,161.14938,6.23839,167.42856,,,,,,,,,,,,,True,13,18
2026-09-30T13:24:00+0200,True,False,6.0,6.0,12.2,176.80006,6.204873,160.91191,6.204873,167.35315,,,,,,,,,,,,,True,13,24
2026-09-30T13:30:00+0200,True,False,6.0,6.0,12.0,176.5,6.171356,160.67444,6.171356,167.27774,,,,,,,,,,,,,True,13,30
2026-09-30T13:36:00+0200,True,False,6.0,6.0,11.8,176.19994,6.13784,160.43698,6.13784,167.20235,,,,,,,,,,,,,True,13,36
2026-09-30T13:42:00+0200,True,False,6.0,6.0,11.6,175.89989,6.1043234,160.19951,6.1043234,167.12694,,,,,,,,,,,,,True,13,42
2026-09-30T13:48:00+0200,True,False,6.0,6.0,11.4,175.59987,6.0708065,159.96207,6.0708065,167.05154,,,,,,,,,,,,,True,13,48
2026-09-30T13:54:00+0200,True,False,6.0,6.0,11.2,175.2999,6.0372896,159.72464,6.0372896,166.97614,,,,,,,,,,,,,True,13,54
2026-09-30T14:00:00+0200,True,False,6.0,6.0,11.0,175.0,6.003773,159.48726,6.003773,166.90074,24.160059,1.0,knmi_p1,True,100.0,0.0,0.0,24065.883,,,,,True,14,0
2026-09-30T14:06:00+0200,True,False,6.0,6.0,11.0,177.06613,5.9949284,161.62561,5.9949284,168.6996,,,,,,,,,,,,,True,14,6
2026-09-30T14:12:00+0200,True,False,6.0,6.0,11.0,179.15459,5.9860835,163.78877,5.9860835,170.51305,,,,,,,,,,,,,True,14,12
2026-09-30T14:18:00+0200,True,False,6.0,6.0,11.0,181.2601,5.9772387,165.97093,5.9772387,172.3376,,,,,,,,,,,,,True,14,18
2026-09-30T14:24:00+0200,True,False,6.0,6.0,11.0,183.37714,5.968394,168.16594,5.968394,174.16963,,,,,,,,,,,,,True,14,24
2026-09-30T14:30:00+0200,True,False,6.0,6.0,11.0,185.5,5.959549,170.36743,5.959549,176.00542,,,,,,,,,,,,,True,14,30
2026-09-30T14:36:00+0200,True,False,6.0,6.0,11.0,187.62286,5.9507046,172.56892,5.9507046,177.8412,,,,,,,,,,,,,True,14,36
2026-09-30T14:42:00+0200,True,False,6.0,6.0,11.0,189.7399,5.9418597,174.76393,5.9418597,179.67323,,,,,,,,,,,,,True,14,42
2026-09-30T14:48:00+0200,True,False,6.0,6.0,11.0,191.84541,5.933015,176.94609,5.933015,181.49779,,,,,,,,,,,,,True,14,48
2026-09-30T14:54:00+0200,True,False,6.0,6.0,11.0,193.93387,5.92417,179.10925,5.92417,183.31123,,,,,,,,,,,,,True,14,54
2026-09-30T15:00:00+0200,True,False,6.0,6.0,11.0,196.0,5.915325,181.2476,5.915325,185.11009,23.261377,3.0,knmi_p1,True,100.0,0.0,0.0,50000.0,,,,,True,15,0
2026-09-30T15:06:00+0200,True,False,6.3,6.3,11.4,196.59921,6.0225897,181.76263,6.0225897,185.54774,,,,,,,,,,,,,True,15,6
2026-09-30T15:12:00+0200,True,False,6.6,6.6,11.8,197.19894,6.1298537,182.278,6.1298537,185.9856,,,,,,,,,,,,,True,15,12
2026-09-30T15:18:00+0200,True,False,6.9,6.9,12.2,197.79907,6.2371182,182.79361,6.2371182,186.4236,,,,,,,,,,,,,True,15,18
2026-09-30T15:24:00+0200,True,False,7.2,7.2,12.6,198.39948,6.344383,183.30939,6.344383,186.86171,,,,,,,,,,,,,True,15,24
2026-09-30T15:30:00+0200,True,False,7.5,7.5,13.0,199.0,6.451647,183.82526,6.451647,187.29987,,,,,,,,,,,,,True,15,30
2026-09-30T15:36:00+0200,True,False,7.8,7.8,13.4,199.60052,6.5589113,184.34111,6.5589113,187.73802,,,,,,,,,,,,,True,15,36
2026-09-30T15:42:00+0200,True,False,8.1,8.1,13.8,200.20093,6.666176,184.85689,6.666176,188.17613,,,,,,,,,,,,,True,15,42
2026-09-30T15:48:00+0200,True,False,8.4,8.4,14.2,200.80106,6.7734404,185.3725,6.7734404,188.61414,,,,,,,,,,,,,True,15,48
2026-09-30T15:54:00+0200,True,False,8.7,8.7,14.6,201.40079,6.8807044,185.88786,6.8807044,189.05199,,,,,,,,,,,,,True,15,54
2026-09-30T16:00:00+0200,True,False,9.0,9.0,15.0,202.0,6.987969,186.4029,6.987969,189.48964,21.88003,51.0,knmi_p1,True,100.0,0.024946213,0.0,50000.0,,,,,True,16,0
2026-09-30T16:06:00+0200,True,False,8.7,8.7,15.0,198.40086,6.8564363,182.93028,6.8564363,185.91548,,,,,,,,,,,,,True,16,6
2026-09-30T16:12:00+0200,True,False,8.4,8.4,15.0,194.67288,6.724903,179.3431,6.724903,182.2154,,,,,,,,,,,,,True,16,12
2026-09-30T16:18:00+0200,True,False,8.1,8.1,15.0,190.84207,6.5933704,175.66489,6.5933704,178.4149,,,,,,,,,,,,,True,16,18
2026-09-30T16:24:00+0200,True,False,7.8,7.8,15.0,186.93948,6.461838,171.92339,6.461838,174.54437,,,,,,,,,,,,,True,16,24
2026-09-30T16:30:00+0200,True,False,7.5,7.5,15.0,183.0,6.330305,168.14943,6.330305,170.63786,,,,,,,,,,,,,True,16,30
2026-09-30T16:36:00+0200,True,False,7.2,7.2,15.0,179.06052,6.198772,164.37546,6.198772,166.73135,,,,,,,,,,,,,True,16,36
2026-09-30T16:42:00+0200,True,False,6.9,6.9,15.0,175.15793,6.0672393,160.63396,6.0672393,162.86082,,,,,,,,,,,,,True,16,42
2026-09-30T16:48:00+0200,True,False,6.6,6.6,15.0,171.32712,5.9357066,156.95575,5.9357066,159.06033,,,,,,,,,,,,,True,16,48
2026-09-30T16:54:00+0200,True,False,6.3,6.3,15.0,167.59914,5.8041735,153.36856,5.8041735,155.36024,,,,,,,,,,,,,True,16,54
2026-09-30T17:00:00+0200,True,False,6.0,6.0,15.0,164.0,5.672641,149.89595,5.672641,151.78609,22.222315,3.0,knmi_p1,True,100.0,0.0,0.0,50000.0,,,,,True,17,0
2026-09-30T17:06:00+0200,True,False,6.1,6.1,14.6,164.09999,5.64413,150.21962,5.64413,152.20955,,,,,,,,,,,,,True,17,6
2026-09-30T17:12:00+0200,True,False,6.2,6.2,14.2,164.2,5.6156197,150.54338,5.6156197,152.63318,,,,,,,,,,,,,True,17,12
2026-09-30T17:18:00+0200,True,False,6.3,6.3,13.8,164.3,5.587109,150.8672,5.587109,153.05696,,,,,,,,,,,,,True,17,18
2026-09-30T17:24:00+0200,True,False,6.4,6.4,13.4,164.4,5.5585985,151.19107,5.5585985,153.48083,,,,,,,,,,,,,True,17,24
2026-09-30T17:30:00+0200,True,False,6.5,6.5,13.0,164.5,5.5300875,151.51495,5.5300875,153.90475,,,,,,,,,,,,,True,17,30
2026-09-30T17:36:00+0200,True,False,6.6,6.6,12.6,164.6,5.501577,151.83884,5.501577,154.32869,,,,,,,,,,,,,True,17,36
2026-09-30T17:42:00+0200,True,False,6.7,6.7,12.2,164.7,5.4730663,152.1627,5.4730663,154.75256,,,,,,,,,,,,,True,17,42
2026-09-30T17:48:00+0200,True,False,6.8,6.8,11.8,164.8,5.4445558,152.48653,5.4445558,155.17635,,,,,,,,,,,,,True,17,48
2026-09-30T17:54:00+0200,True,False,6.9,6.9,11.4,164.90001,5.416045,152.81029,5.416045,155.59998,,,,,,,,,,,,,True,17,54
2026-09-30T18:00:00+0200,True,False,7.0,7.0,11.0,165.0,5.3875346,153.13396,5.3875346,156.02344,22.477442,3.0,knmi_p1,True,100.0,0.0,0.0,50000.0,,,,,True,18,0
2026-09-30T18:06:00+0200,True,False,6.8,6.8,11.0,165.89734,5.294031,154.22879,5.294031,157.25743,,,,,,,,,,,,,True,18,6
2026-09-30T18:12:00+0200,True,False,6.6,6.6,11.0,166.79645,5.2005277,155.32686,5.2005277,158.49606,,,,,,,,,,,,,True,18,12
2026-09-30T18:18:00+0200,True,False,6.4,6.4,11.0,167.69688,5.1070237,156.42737,5.1070237,159.7382,,,,,,,,,,,,,True,18,18
2026-09-30T18:24:00+0200,True,False,6.2,6.2,11.0,168.59822,5.0135202,157.5295,5.0135202,160.9827,,,,,,,,,,,,,True,18,24
2026-09-30T18:30:00+0200,True,False,6.0,6.0,11.0,169.5,4.920017,158.63245,4.920017,162.22836,,,,,,,,,,,,,True,18,30
2026-09-30T18:36:00+0200,True,False,5.8,5.8,11.0,170.40178,4.8265133,159.7354,4.8265133,163.47401,,,,,,,,,,,,,True,18,36
2026-09-30T18:42:00+0200,True,False,5.6,5.6,11.0,171.30312,4.73301,160.83752,4.73301,164.7185,,,,,,,,,,,,,True,18,42
2026-09-30T18:48:00+0200,True,False,5.4,5.4,11.0,172.20355,4.639506,161.93803,4.639506,165.96065,,,,,,,,,,,,,True,18,48
2026-09-30T18:54:00+0200,True,False,5.2,5.2,11.0,173.10266,4.5460024,163.0361,4.5460024,167.19928,,,,,,,,,,,,,True,18,54
2026-09-30T19:00:00+0200,True,False,5.0,5.0,11.0,174.0,4.452499,164.13094,4.452499,168.43327,21.000147,51.0,knmi_p1,True,100.0,0.08108139,0.0,27922.314,,,,,True,19,0
2026-09-30T19:06:00+0200,True,False,5.1,5.1,10.9,175.77867,4.4746494,165.68718,4.4746494,169.64626,,,,,,,,,,,,,True,19,6
2026-09-30T19:12:00+0200,True,False,5.2,5.2,10.8,177.57144,4.4968004,167.2528,4.4968004,170.86365,,,,,,,,,,,,,True,19,12
2026-09-30T19:18:00+0200,True,False,5.3,5.3,10.7,179.37494,4.518951,168.82555,4.518951,172.08437,,,,,,,,,,,,,True,19,18
2026-09-30T19:24:00+0200,True,False,5.4,5.4,10.6,181.18565,4.5411015,170.40306,4.5411015,173.30731,,,,,,,,,,,,,True,19,24
2026-09-30T19:30:00+0200,True,False,5.5,5.5,10.5,183.0,4.5632524,171.98297,4.5632524,174.53137,,,,,,,,,,,,,True,19,30
2026-09-30T19:36:00+0200,True,False,5.6,5.6,10.4,184.81435,4.585403,173.56288,4.585403,175.75542,,,,,,,,,,,,,True,19,36
2026-09-30T19:42:00+0200,True,False,5.7,5.7,10.3,186.62506,4.6075535,175.1404,4.6075535,176.97836,,,,,,,,,,,,,True,19,42
2026-09-30T19:48:00+0200,True,False,5.8,5.8,10.2,188.42856,4.629704,176.71313,4.629704,178.19908,,,,,,,,,,,,,True,19,48
2026-09-30T19:54:00+0200,True,False,5.9,5.9,10.1,190.22133,4.651855,178.27876,4.651855,179.41647,,,,,,,,,,,,,True,19,54
2026-09-30T20:00:00+0200,True,False,6.0,6.0,10.0,192.0,4.6740055,179.835,4.6740055,180.62946,19.789454,51.0,knmi_p1,False,100.0,0.47400856,0.0,16861.125,,,,,True,20,0
2026-09-30T20:06:00+0200,True,False,5.9,5.9,10.1,192.59921,4.6438017,180.60812,4.6438017,180.72911,,,,,,,,,,,,,True,20,6
2026-09-30T20:12:00+0200,True,False,5.8,5.8,10.2,193.19894,4.6135983,181.38237,4.6135983,180.82877,,,,,,,,,,,,,True,20,12
2026-09-30T20:18:00+0200,True,False,5.7,5.7,10.3,193.79907,4.5833945,182.15746,4.5833945,180.92844,,,,,,,,,,,,,True,20,18
2026-09-30T20:24:00+0200,True,False,5.6,5.6,10.4,194.39948,4.553191,182.93312,4.553191,181.02809,,,,,,,,,,,,,True,20,24
2026-09-30T20:30:00+0200,True,False,5.5,5.5,10.5,195.0,4.5229874,183.70908,4.5229874,181.12776,,,,,,,,,,,,,True,20,30
2026-09-30T20:36:00+0200,True,False,5.4,5.4,10.6,195.60052,4.4927835,184.48503,4.4927835,181.22743,,,,,,,,,,,,,True,20,36
2026-09-30T20:42:00+0200,True,False,5.3,5.3,10.7,196.20093,4.46258,185.2607,4.46258,181.32709,,,,,,,,,,,,,True,20,42
2026-09-30T20:48:00+0200,True,False,5.2,5.2,10.8,196.80106,4.4323764,186.03578,4.4323764,181.42676,,,,,,,,,,,,,True,20,48
2026-09-30T20:54:00+0200,True,False,5.1,5.1,10.9,197.40079,4.402173,186.81003,4.402173,181.52641,,,,,,,,,,,,,True,20,54
2026-09-30T21:00:00+0200,True,False,5.0,5.0,11.0,198.0,4.371969,187.58315,4.371969,181.62607,18.757471,61.0,knmi_p1,False,100.0,2.0777283,0.0,11703.652,,,,,True,21,0
2026-09-30T21:06:00+0200,True,False,5.0,5.0,10.8,198.89734,4.3552585,188.7665,4.3552585,182.58704,,,,,,,,,,,,,True,21,6
2026-09-30T21:12:00+0200,True,False,5.0,5.0,10.6,199.79645,4.3385477,189.95395,4.3385477,183.55017,,,,,,,,,,,,,True,21,12
2026-09-30T21:18:00+0200,True,False,5.0,5.0,10.4,200.69688,4.321837,191.14447,4.321837,184.51495,,,,,,,,,,,,,True,21,18
2026-09-30T21:24:00+0200,True,False,5.0,5.0,10.2,201.59822,4.305126,192.33707,4.305126,185.48083,,,,,,,,,,,,,True,21,24
2026-09-30T21:30:00+0200,True,False,5.0,5.0,10.0,202.5,4.288415,193.53069,4.288415,186.44727,,,,,,,,,,,,,True,21,30
2026-09-30T21:36:00+0200,True,False,5.0,5.0,9.8,203.40178,4.271704,194.72432,4.271704,187.4137,,,,,,,,,,,,,True,21,36
2026-09-30T21:42:00+0200,True,False,5.0,5.0,9.6,204.30312,4.2549934,195.91692,4.2549934,188.37958,,,,,,,,,,,,,True,21,42
2026-09-30T21:48:00+0200,True,False,5.0,5.0,9.4,205.20355,4.2382827,197.10744,4.2382827,189.34436,,,,,,,,,,,,,True,21,48
2026-09-30T21:54:00+0200,True,False,5.0,5.0,9.2,206.10266,4.221572,198.29489,4.221572,190.3075,,,,,,,,,,,,,True,21,54
2026-09-30T22:00:00+0200,True,False,5.0,5.0,9.0,207.0,4.204861,199.47824,4.204861,191.26846,17.89834,61.0,knmi_p1,False,100.0,2.1391602,0.0,7647.95,,,,,True,22,0
2026-09-30T22:06:00+0200,True,False,4.9,4.9,8.9,204.009,4.1401453,196.42026,4.1401453,188.33414,,,,,,,,,,,,,True,22,6
2026-09-30T22:12:00+0200,True,False,4.8,4.8,8.8,200.94716,4.07543,193.28624,4.07543,185.33313,,,,,,,,,,,,,True,22,12
2026-09-30T22:18:00+0200,True,False,4.7,4.7,8.7,197.82993,4.010714,190.09267,4.010714,182.28009,,,,,,,,,,,,,True,22,18
2026-09-30T22:24:00+0200,True,False,4.6,4.6,8.6,194.67465,3.9459984,186.85812,3.9459984,179.19136,,,,,,,,,,,,,True,22,24
2026-09-30T22:30:00+0200,True,False,4.5,4.5,8.5,191.5,3.8812828,183.60269,3.8812828,176.08447,,,,,,,,,,,,,True,22,30
2026-09-30T22:36:00+0200,True,False,4.4,4.4,8.4,188.32535,3.816567,180.34726,3.816567,172.97757,,,,,,,,,,,,,True,22,36
2026-09-30T22:42:00+0200,True,False,4.3,4.3,8.3,185.17007,3.7518513,177.11272,3.7518513,169.88884,,,,,,,,,,,,,True,22,42
2026-09-30T22:48:00+0200,True,False,4.2,4.2,8.2,182.05284,3.6871357,173.91914,3.6871357,166.8358,,,,,,,,,,,,,True,22,48
2026-09-30T22:54:00+0200,True,False,4.1,4.1,8.1,178.991,3.6224198,170.78513,3.6224198,163.8348,,,,,,,,,,,,,True,22,54
2026-09-30T23:00:00+0200,True,False,4.0,4.0,8.0,176.0,3.5577042,167.72714,3.5577042,160.90047,17.89297,51.0,knmi_p1,False,100.0,0.044181824,0.0,15729.332,,,,,True,23,0
2026-09-30T23:06:00+0200,True,False,4.0,4.0,8.0,176.0,3.5577042,167.72714,3.5577042,160.90047,,,,,,,,,,,,,True,23,6
2026-09-30T23:12:00+0200,True,False,4.0,4.0,8.0,176.0,3.5577042,167.72714,3.5577042,160.90047,,,,,,,,,,,,,True,23,12
2026-09-30T23:18:00+0200,True,False,4.0,4.0,8.0,176.0,3.5577042,167.72714,3.5577042,160.90047,,,,,,,,,,,,,True,23,18
2026-09-30T23:24:00+0200,True,False,4.0,4.0,8.0,176.0,3.5577042,167.72714,3.5577042,160.90047,,,,,,,,,,,,,True,23,24
2026-09-30T23:30:00+0200,True,False,4.0,4.0,8.0,176.0,3.5577042,167.72714,3.5577042,160.90047,,,,,,,,,,,,,True,23,30
2026-09-30T23:36:00+0200,True,False,4.0,4.0,8.0,176.0,3.5577042,167.72714,3.5577042,160.90047,,,,,,,,,,,,,True,23,36
2026-09-30T23:42:00+0200,True,False,4.0,4.0,8.0,176.0,3.5577042,167.72714,3.5577042,160.90047,,,,,,,,,,,,,True,23,42
2026-09-30T23:48:00+0200,True,False,4.0,4.0,8.0,176.0,3.5577042,167.72714,3.5577042,160.90047,,,,,,,,,,,,,True,23,48
2026-09-30T23:54:00+0200,True,False,4.0,4.0,8.0,176.0,3.5577042,167.72714,3.5577042,160.90047,,,,,,,,,,,,,True,23,54
