date,run_local_time,issue_local_time,issued_day_utc,mae_forecast,mae_lstm,rmse_forecast,rmse_lstm,mae_improvement_lstm_vs_forecast,rmse_improvement_lstm_vs_forecast,avg_actual_wind_speed,avg_forecast_wind_speed,avg_lstm_wind_speed,n_points,details_csv,snapshot_csv,evaluation_type,data_source
2026-04-06,2026-07-21T12:40:43.693928+02:00,2026-04-05T18:08:14.284000+02:00,2026-04-05,2.8633971291866027,2.8633971291866027,3.437376402851143,3.437376402851143,0.0,0.0,2.727511961722488,5.545454545454546,5.545454545454546,22,next_day_wind_model/artifacts/daily_error_details/20260406_dayahead_actual_forecast_lstm.csv,next_day_wind_model/artifacts/dayahead_snapshots/20260405-071652_target_20260406.csv,day_ahead_frozen,prediction_log
2026-04-07,2026-07-21T12:40:43.693928+02:00,2026-04-05T18:08:14.284000+02:00,2026-04-05,3.223464912280702,1.3532346845718852,3.4108784269719497,1.6891116888851305,1.8702302277088168,1.7217667380868191,3.776535087719298,7.0,4.79191991686821,24,next_day_wind_model/artifacts/daily_error_details/20260407_dayahead_actual_forecast_lstm.csv,next_day_wind_model/artifacts/dayahead_snapshots/20260406-071655_target_20260407.csv,day_ahead_frozen,prediction_log
2026-04-08,2026-07-21T12:40:43.693928+02:00,2026-04-06T07:02:15.050000+02:00,2026-04-06,3.899122807017544,1.4298800852215081,4.070052554103833,1.7295516493385312,2.4692427217960358,2.3405009047653014,3.3092105263157894,7.208333333333333,4.728128562370936,24,next_day_wind_model/artifacts/daily_error_details/20260408_dayahead_actual_forecast_lstm.csv,next_day_wind_model/artifacts/dayahead_snapshots/20260407-071656_target_20260408.csv,day_ahead_frozen,prediction_log
2026-04-09,2026-07-21T12:40:43.693928+02:00,2026-04-07T07:02:14.610000+02:00,2026-04-07,3.0274122807017547,2.6566602838666813,3.2881492947943953,2.870416735914541,0.3707519968350734,0.4177325588798544,4.8142543859649125,7.75,7.328944981098175,24,next_day_wind_model/artifacts/daily_error_details/20260409_dayahead_actual_forecast_lstm.csv,next_day_wind_model/artifacts/dayahead_snapshots/20260408-071703_target_20260409.csv,day_ahead_frozen,prediction_log
2026-04-10,2026-07-21T12:40:43.693928+02:00,2026-04-08T07:02:14.896000+02:00,2026-04-08,1.2539473684210527,1.2760821940083253,1.7925761611794375,1.7886552131207913,-0.022134825587272644,0.003920948058646179,8.973464912280702,9.166666666666666,8.994649504621824,24,next_day_wind_model/artifacts/daily_error_details/20260410_dayahead_actual_forecast_lstm.csv,next_day_wind_model/artifacts/dayahead_snapshots/20260409-071658_target_20260410.csv,day_ahead_frozen,prediction_log
2026-04-11,2026-07-21T12:40:43.693928+02:00,2026-04-09T07:02:15.387000+02:00,2026-04-09,3.9894736842105267,3.7971063093135236,4.398065172576975,4.191602527164836,0.19236737489700317,0.206462645412139,6.860526315789474,9.75,9.480857789516449,24,next_day_wind_model/artifacts/daily_error_details/20260411_dayahead_actual_forecast_lstm.csv,next_day_wind_model/artifacts/dayahead_snapshots/20260410-071701_target_20260411.csv,day_ahead_frozen,prediction_log
2026-04-12,2026-07-21T12:40:43.693928+02:00,2026-04-10T07:02:16.022000+02:00,2026-04-10,1.9879385964912284,1.954001132333488,2.280186851458083,2.227222726520889,0.03393746415774035,0.05296412493719416,6.949561403508771,8.0,7.8315149048964185,24,next_day_wind_model/artifacts/daily_error_details/20260412_dayahead_actual_forecast_lstm.csv,next_day_wind_model/artifacts/dayahead_snapshots/20260411-071704_target_20260412.csv,day_ahead_frozen,prediction_log
2026-04-13,2026-07-21T12:40:43.693928+02:00,2026-04-11T07:02:15.930000+02:00,2026-04-11,3.4020833333333336,2.558962937196096,3.80324696805243,2.8124890844633836,0.8431203961372375,0.9907578835890463,2.30625,5.125,3.846751630306244,24,next_day_wind_model/artifacts/daily_error_details/20260413_dayahead_actual_forecast_lstm.csv,next_day_wind_model/artifacts/dayahead_snapshots/20260412-071709_target_20260413.csv,day_ahead_frozen,prediction_log
2026-04-14,2026-07-21T12:40:43.693928+02:00,2026-04-12T07:02:16.143000+02:00,2026-04-12,2.1400219298245613,2.017675414367726,2.4919322153187284,2.3073592163291203,0.12234651545683528,0.1845729989896081,3.068311403508772,4.333333333333333,3.2287181466817856,24,next_day_wind_model/artifacts/daily_error_details/20260414_dayahead_actual_forecast_lstm.csv,next_day_wind_model/artifacts/dayahead_snapshots/20260413-071714_target_20260414.csv,day_ahead_frozen,prediction_log
2026-04-15,2026-07-21T12:40:43.693928+02:00,2026-04-13T07:02:17.382000+02:00,2026-04-13,2.823017178362573,2.7333974822222835,3.1671285388076145,3.0590212971801765,0.0896196961402893,0.10810724162743801,6.093649488304092,6.75,6.303688983122508,24,next_day_wind_model/artifacts/daily_error_details/20260415_dayahead_actual_forecast_lstm.csv,next_day_wind_model/artifacts/dayahead_snapshots/20260414-071710_target_20260415.csv,day_ahead_frozen,prediction_log
2026-04-16,2026-07-21T12:40:43.693928+02:00,2026-04-14T07:02:16.897000+02:00,2026-04-14,2.5109649122807016,2.4450616956802835,3.2810830707659404,3.130289200901644,0.06590321660041809,0.15079386986429633,6.864035087719298,8.791666666666666,8.55766941110293,24,next_day_wind_model/artifacts/daily_error_details/20260416_dayahead_actual_forecast_lstm.csv,next_day_wind_model/artifacts/dayahead_snapshots/20260415-071707_target_20260416.csv,day_ahead_frozen,prediction_log
2026-04-17,2026-07-21T12:40:43.693928+02:00,2026-04-15T07:02:16.943000+02:00,2026-04-15,1.643859649122807,1.9589777210563948,2.0555771993153984,2.2596872246298214,-0.31511807193358776,-0.20411002531442302,4.022807017543859,4.666666666666667,3.5987670992811522,24,next_day_wind_model/artifacts/daily_error_details/20260417_dayahead_actual_forecast_lstm.csv,next_day_wind_model/artifacts/dayahead_snapshots/20260416-071706_target_20260417.csv,day_ahead_frozen,prediction_log
2026-04-18,2026-07-21T12:40:43.693928+02:00,2026-04-16T07:02:16.914000+02:00,2026-04-16,1.919298245614035,1.5363509318284823,2.3472668827854317,1.8573310695717555,0.3829473137855528,0.4899358132136762,3.6223684210526312,5.166666666666667,3.8470890124638877,24,next_day_wind_model/artifacts/daily_error_details/20260418_dayahead_actual_forecast_lstm.csv,next_day_wind_model/artifacts/dayahead_snapshots/20260417-071709_target_20260418.csv,day_ahead_frozen,prediction_log
2026-04-19,2026-07-21T12:40:43.693928+02:00,2026-04-17T07:02:18.711000+02:00,2026-04-17,2.9512061403508767,2.8933154370701097,3.61725551403712,3.5149899240826414,0.05789070328076695,0.10226558995447865,6.46546052631579,7.333333333333333,7.076929678519567,24,next_day_wind_model/artifacts/daily_error_details/20260419_dayahead_actual_forecast_lstm.csv,next_day_wind_model/artifacts/dayahead_snapshots/20260418-071708_target_20260419.csv,day_ahead_frozen,prediction_log
2026-04-20,2026-07-21T12:40:43.693928+02:00,2026-04-18T07:02:17.335000+02:00,2026-04-18,3.0361842105263155,2.905361015545694,3.8084030898929524,3.6619408272190888,0.13082319498062134,0.14646226267386364,4.838815789473684,7.625,7.433974047501882,24,next_day_wind_model/artifacts/daily_error_details/20260420_dayahead_actual_forecast_lstm.csv,next_day_wind_model/artifacts/dayahead_snapshots/20260419-071712_target_20260420.csv,day_ahead_frozen,prediction_log
2026-04-21,2026-07-21T12:40:43.693928+02:00,2026-04-19T07:02:18.231000+02:00,2026-04-19,1.931030701754386,1.2859071007946081,2.337142448002047,1.672148044883234,0.6451236009597778,0.6649944031188131,6.152302631578948,7.791666666666667,6.605521321296692,24,next_day_wind_model/artifacts/daily_error_details/20260421_dayahead_actual_forecast_lstm.csv,next_day_wind_model/artifacts/dayahead_snapshots/20260420-071713_target_20260421.csv,day_ahead_frozen,prediction_log
2026-04-22,2026-07-21T12:40:43.693928+02:00,2026-04-20T07:02:18.394000+02:00,2026-04-20,2.6536184210526312,1.513111217712101,2.947573663358282,1.8627884101952654,1.1405072033405301,1.0847852531630164,5.096381578947369,7.541666666666667,5.980398048957189,24,next_day_wind_model/artifacts/daily_error_details/20260422_dayahead_actual_forecast_lstm.csv,next_day_wind_model/artifacts/dayahead_snapshots/20260421-071715_target_20260422.csv,day_ahead_frozen,prediction_log
2026-04-23,2026-07-21T12:40:43.693928+02:00,2026-04-21T07:02:19.719000+02:00,2026-04-21,1.368969298245614,1.4856393087328525,1.621831647375411,2.0180076638530444,-0.11667001048723846,-0.39617601647763334,6.656030701754386,6.708333333333333,5.520745486021042,24,next_day_wind_model/artifacts/daily_error_details/20260423_dayahead_actual_forecast_lstm.csv,next_day_wind_model/artifacts/dayahead_snapshots/20260422-071713_target_20260423.csv,day_ahead_frozen,prediction_log
2026-04-24,2026-07-21T12:40:43.693928+02:00,2026-04-22T07:02:18.152000+02:00,2026-04-22,1.9583333333333333,2.1450945337613425,2.274516325559229,2.4930977825491207,-0.18676120042800926,-0.21858145698989162,6.291666666666667,7.083333333333333,5.626095990339915,24,next_day_wind_model/artifacts/daily_error_details/20260424_dayahead_actual_forecast_lstm.csv,next_day_wind_model/artifacts/dayahead_snapshots/20260423-071719_target_20260424.csv,day_ahead_frozen,prediction_log
2026-04-25,2026-07-21T12:40:43.693928+02:00,2026-04-23T07:02:19.180000+02:00,2026-04-23,1.6110745614035087,1.0553749946387192,1.8440624784112918,1.245517263584392,0.5556995667647895,0.5985452148268997,4.033662280701755,5.208333333333333,3.3810459400216737,24,next_day_wind_model/artifacts/daily_error_details/20260425_dayahead_actual_forecast_lstm.csv,next_day_wind_model/artifacts/dayahead_snapshots/20260424-071721_target_20260425.csv,day_ahead_frozen,prediction_log
2026-04-26,2026-07-21T12:40:43.693928+02:00,2026-04-24T07:02:19.350000+02:00,2026-04-24,1.7161184210526315,1.2922332762626179,2.0300562850113155,1.5323014585685095,0.4238851447900136,0.497754826442806,4.658881578947368,6.083333333333333,4.5638567507267,24,next_day_wind_model/artifacts/daily_error_details/20260426_dayahead_actual_forecast_lstm.csv,next_day_wind_model/artifacts/dayahead_snapshots/20260425-071724_target_20260426.csv,day_ahead_frozen,prediction_log
2026-04-27,2026-07-21T12:40:43.693928+02:00,2026-04-25T07:02:19.304000+02:00,2026-04-25,2.0164473684210527,1.4069075516441412,2.353186872729634,1.6644785582505315,0.6095398167769115,0.6887083144791024,4.162719298245615,5.833333333333333,4.086154232422511,24,next_day_wind_model/artifacts/daily_error_details/20260427_dayahead_actual_forecast_lstm.csv,next_day_wind_model/artifacts/dayahead_snapshots/20260426-071720_target_20260427.csv,day_ahead_frozen,prediction_log
2026-04-28,2026-07-21T12:40:43.693928+02:00,2026-04-26T07:02:20.711000+02:00,2026-04-26,3.03015350877193,2.0490351515903806,3.4371983624897897,2.495339479865998,0.9811183571815492,0.9418588826237917,7.561513157894737,10.583333333333334,9.331392784913382,24,next_day_wind_model/artifacts/daily_error_details/20260428_dayahead_actual_forecast_lstm.csv,next_day_wind_model/artifacts/dayahead_snapshots/20260427-071722_target_20260428.csv,day_ahead_frozen,prediction_log
2026-04-29,2026-07-21T12:40:43.693928+02:00,2026-04-27T07:02:20.602000+02:00,2026-04-27,3.7347587719298247,2.0735328569746856,3.8673630922925977,2.293842056037083,1.6612259149551392,1.5735210362555145,7.556907894736842,11.291666666666666,9.630440751711527,24,next_day_wind_model/artifacts/daily_error_details/20260429_dayahead_actual_forecast_lstm.csv,next_day_wind_model/artifacts/dayahead_snapshots/20260428-071726_target_20260429.csv,day_ahead_frozen,prediction_log
2026-04-30,2026-07-21T12:40:43.693928+02:00,2026-04-28T07:02:21.360000+02:00,2026-04-28,4.846162280701754,3.994287790122785,5.099876515940296,4.290182488051304,0.851874490578969,0.8096940278889919,6.070504385964912,10.916666666666666,10.064792176087698,24,next_day_wind_model/artifacts/daily_error_details/20260430_dayahead_actual_forecast_lstm.csv,next_day_wind_model/artifacts/dayahead_snapshots/20260429-071726_target_20260430.csv,day_ahead_frozen,prediction_log
2026-05-01,2026-07-21T12:40:43.693928+02:00,2026-04-29T07:02:20.621000+02:00,2026-04-29,3.5407894736842103,2.3744538611487336,3.934341736355687,2.6661622129307525,1.1663356125354767,1.2681795234249345,4.625877192982457,8.041666666666666,6.29010882973671,24,next_day_wind_model/artifacts/daily_error_details/20260501_dayahead_actual_forecast_lstm.csv,next_day_wind_model/artifacts/dayahead_snapshots/20260430-071728_target_20260501.csv,day_ahead_frozen,prediction_log
2026-05-02,2026-07-21T12:40:43.693928+02:00,2026-04-30T07:02:20.898000+02:00,2026-04-30,2.9831140350877194,1.866259537297383,3.504273871250306,2.2764806024135456,1.1168544977903365,1.2277932688367605,3.350219298245614,5.208333333333333,3.650386318564415,24,next_day_wind_model/artifacts/daily_error_details/20260502_dayahead_actual_forecast_lstm.csv,next_day_wind_model/artifacts/dayahead_snapshots/20260501-072140_target_20260502.csv,day_ahead_frozen,prediction_log
2026-05-03,2026-07-21T12:40:43.693928+02:00,2026-05-01T07:02:44.945000+02:00,2026-05-01,3.2898391812865495,1.970577058213496,3.8720003150073805,2.8044725234715364,1.3192621230730535,1.067527791535844,3.5851608187134505,6.625,4.667580793301265,24,next_day_wind_model/artifacts/daily_error_details/20260503_dayahead_actual_forecast_lstm.csv,next_day_wind_model/artifacts/dayahead_snapshots/20260502-072142_target_20260503.csv,day_ahead_frozen,prediction_log
2026-05-04,2026-07-21T12:40:43.693928+02:00,2026-05-02T07:02:48.495000+02:00,2026-05-02,2.785635964912281,2.1569072195312433,3.1389759958306054,2.8066502953298325,0.6287287453810375,0.3323257005007729,4.506030701754386,5.75,4.309203952550888,24,next_day_wind_model/artifacts/daily_error_details/20260504_dayahead_actual_forecast_lstm.csv,next_day_wind_model/artifacts/dayahead_snapshots/20260503-071753_target_20260504.csv,day_ahead_frozen,prediction_log
2026-05-05,2026-07-21T12:40:43.693928+02:00,2026-05-03T07:02:23.032000+02:00,2026-05-03,2.2524122807017544,2.166661956644895,2.6449512219999454,2.550308293242462,0.08575032405685956,0.09464292875748326,7.705921052631578,8.75,5.662106374899547,24,next_day_wind_model/artifacts/daily_error_details/20260505_dayahead_actual_forecast_lstm.csv,next_day_wind_model/artifacts/dayahead_snapshots/20260504-071755_target_20260505.csv,day_ahead_frozen,prediction_log
2026-05-06,2026-07-21T12:40:43.693928+02:00,2026-05-04T07:02:22.148000+02:00,2026-05-04,1.2775584795321637,2.119695192749737,1.7437728689857674,2.4104695544048336,-0.8421367132175734,-0.6666966854190661,7.097441520467837,8.25,5.226789196332295,24,next_day_wind_model/artifacts/daily_error_details/20260506_dayahead_actual_forecast_lstm.csv,next_day_wind_model/artifacts/dayahead_snapshots/20260505-071755_target_20260506.csv,day_ahead_frozen,prediction_log
2026-05-07,2026-07-21T12:40:43.693928+02:00,2026-05-05T07:02:22.256000+02:00,2026-05-05,1.899451754385965,1.6270448924156655,2.190747523437988,1.9833300200257111,0.2724068619702995,0.20741750341227694,5.2130482456140355,6.333333333333333,3.865891228119532,24,next_day_wind_model/artifacts/daily_error_details/20260507_dayahead_actual_forecast_lstm.csv,next_day_wind_model/artifacts/dayahead_snapshots/20260506-071841_target_20260507.csv,day_ahead_frozen,prediction_log
2026-05-08,2026-07-21T12:40:43.693928+02:00,2026-05-06T07:02:22.476000+02:00,2026-05-06,3.2952850877192983,1.3944099973691138,3.5223449510650755,1.6346389637690542,1.9008750903501845,1.8877059872960213,3.4547149122807017,6.375,3.0283160557349524,24,next_day_wind_model/artifacts/daily_error_details/20260508_dayahead_actual_forecast_lstm.csv,next_day_wind_model/artifacts/dayahead_snapshots/20260507-072046_target_20260508.csv,day_ahead_frozen,prediction_log
2026-05-09,2026-07-21T12:40:43.693928+02:00,2026-05-07T07:02:37.388000+02:00,2026-05-07,2.4038377192982456,1.1935685244568608,3.0919147477702587,1.3772459364259466,1.2102691948413848,1.714668811344312,3.846162280701755,5.916666666666667,3.3007001876831055,24,next_day_wind_model/artifacts/daily_error_details/20260509_dayahead_actual_forecast_lstm.csv,next_day_wind_model/artifacts/dayahead_snapshots/20260508-071853_target_20260509.csv,day_ahead_frozen,prediction_log
2026-05-10,2026-07-21T12:40:43.693928+02:00,2026-05-08T07:02:25.204000+02:00,2026-05-08,2.137061403508772,1.94259468285661,2.57897366169912,2.2205668627577033,0.19446672065216175,0.3584067989414166,8.071271929824562,10.0,6.226290136575699,24,next_day_wind_model/artifacts/daily_error_details/20260510_dayahead_actual_forecast_lstm.csv,next_day_wind_model/artifacts/dayahead_snapshots/20260509-071853_target_20260510.csv,day_ahead_frozen,prediction_log
2026-05-11,2026-07-21T12:40:43.693928+02:00,2026-05-09T07:02:23.996000+02:00,2026-05-09,2.3935307017543863,2.496435031137968,2.8842729035865875,2.971945566411133,-0.10290432938358185,-0.08767266282454544,11.231469298245614,11.958333333333334,9.051919062932333,24,next_day_wind_model/artifacts/daily_error_details/20260511_dayahead_actual_forecast_lstm.csv,next_day_wind_model/artifacts/dayahead_snapshots/20260510-071859_target_20260511.csv,day_ahead_frozen,prediction_log
2026-05-12,2026-07-21T12:40:43.693928+02:00,2026-05-10T07:02:23.765000+02:00,2026-05-10,1.9787280701754388,1.9455560801322,2.5165495048645434,2.5930331740213592,0.033171990043238786,-0.07648366915681581,11.380592105263156,12.4375,10.53913156191508,48,next_day_wind_model/artifacts/daily_error_details/20260512_dayahead_actual_forecast_lstm.csv,next_day_wind_model/artifacts/dayahead_snapshots/20260511-071851_target_20260512.csv,day_ahead_frozen,prediction_log
2026-05-13,2026-07-21T12:40:43.693928+02:00,2026-05-11T07:02:25.072000+02:00,2026-05-11,2.8107287449392713,2.121688040451482,3.194229895281169,2.6080364579847495,0.6890407044877893,0.5861934372964197,7.343117408906882,9.26923076923077,7.788954624762902,26,next_day_wind_model/artifacts/daily_error_details/20260513_dayahead_actual_forecast_lstm.csv,next_day_wind_model/artifacts/dayahead_snapshots/20260512-071903_target_20260513.csv,day_ahead_frozen,prediction_log
2026-05-14,2026-07-21T12:40:43.693928+02:00,2026-05-13T07:02:50.853000+02:00,2026-05-13,2.3890350877192983,1.9823467889375854,3.1952201107065132,2.430575758863889,0.40668829878171286,0.764644351842624,6.235964912280703,7.375,5.532197366158168,24,next_day_wind_model/artifacts/daily_error_details/20260514_dayahead_actual_forecast_lstm.csv,next_day_wind_model/artifacts/dayahead_snapshots/20260513-072056_target_20260514.csv,day_ahead_frozen,prediction_log
2026-05-15,2026-07-21T12:40:43.693928+02:00,2026-05-14T07:02:51.137000+02:00,2026-05-14,2.6459429824561402,2.08963368493214,3.0279182923477124,2.4751952177087233,0.5563092975240003,0.5527230746389891,7.32905701754386,8.916666666666666,6.86562513311704,24,next_day_wind_model/artifacts/daily_error_details/20260515_dayahead_actual_forecast_lstm.csv,next_day_wind_model/artifacts/dayahead_snapshots/20260514-072106_target_20260515.csv,day_ahead_frozen,prediction_log
2026-05-16,2026-07-21T12:40:43.693928+02:00,2026-05-15T07:02:52.448000+02:00,2026-05-15,3.1305921052631582,1.8741607552034811,3.7354110260105244,2.6966208022024105,1.256431350059677,1.038790223808114,6.327741228070175,7.875,6.804843833049138,24,next_day_wind_model/artifacts/daily_error_details/20260516_dayahead_actual_forecast_lstm.csv,next_day_wind_model/artifacts/dayahead_snapshots/20260515-072100_target_20260516.csv,day_ahead_frozen,prediction_log
2026-05-17,2026-07-21T12:40:43.693928+02:00,2026-05-16T07:02:52.794000+02:00,2026-05-16,1.5109649122807018,1.7291971764020753,1.8447357471778918,2.085475319178649,-0.21823226412137342,-0.24073957200075724,6.489035087719298,6.25,5.428660104672114,24,next_day_wind_model/artifacts/daily_error_details/20260517_dayahead_actual_forecast_lstm.csv,next_day_wind_model/artifacts/dayahead_snapshots/20260516-072108_target_20260517.csv,day_ahead_frozen,prediction_log
2026-05-18,2026-07-21T12:40:43.693928+02:00,2026-05-17T07:02:53.213000+02:00,2026-05-17,1.9723997493734338,2.18877344498957,2.5976306402355993,2.6176103557747803,-0.21637369561613617,-0.019979715539180987,5.606171679197995,5.166666666666667,3.5676897962888083,24,next_day_wind_model/artifacts/daily_error_details/20260518_dayahead_actual_forecast_lstm.csv,next_day_wind_model/artifacts/dayahead_snapshots/20260517-072109_target_20260518.csv,day_ahead_frozen,prediction_log
2026-05-19,2026-07-21T12:40:43.693928+02:00,2026-05-18T07:02:53.718000+02:00,2026-05-18,2.01984649122807,0.8424986936544118,2.207128301511985,1.0290622550885808,1.1773477975736584,1.1780660464234043,6.938486842105263,8.625,6.520482937494914,24,next_day_wind_model/artifacts/daily_error_details/20260519_dayahead_actual_forecast_lstm.csv,next_day_wind_model/artifacts/dayahead_snapshots/20260518-072115_target_20260519.csv,day_ahead_frozen,prediction_log
2026-05-20,2026-07-21T12:40:43.693928+02:00,2026-05-19T07:02:57.812000+02:00,2026-05-19,1.8691063596491226,3.5816062099055244,2.286246658398654,3.963031442446237,-1.7124998502564017,-1.676784784047583,12.050685307017545,11.208333333333334,8.46907909711202,24,next_day_wind_model/artifacts/daily_error_details/20260520_dayahead_actual_forecast_lstm.csv,next_day_wind_model/artifacts/dayahead_snapshots/20260519-072119_target_20260520.csv,day_ahead_frozen,prediction_log
2026-05-21,2026-07-21T12:40:43.693928+02:00,2026-05-20T07:02:59.258000+02:00,2026-05-20,1.2857212475633528,2.0621498426048497,1.4636953752129607,2.470797448343208,-0.7764285950414969,-1.0071020731302474,7.050852826510721,6.708333333333333,5.535807638118665,24,next_day_wind_model/artifacts/daily_error_details/20260521_dayahead_actual_forecast_lstm.csv,next_day_wind_model/artifacts/dayahead_snapshots/20260520-072119_target_20260521.csv,day_ahead_frozen,prediction_log
2026-05-22,2026-07-21T12:40:43.693928+02:00,2026-05-21T07:02:56.199000+02:00,2026-05-21,2.1107456140350878,1.4323659834893128,2.503104835618731,1.9394184891542379,0.678379630545775,0.5636863464644932,2.7225877192982453,4.625,3.599173419177532,24,next_day_wind_model/artifacts/daily_error_details/20260522_dayahead_actual_forecast_lstm.csv,next_day_wind_model/artifacts/dayahead_snapshots/20260521-072126_target_20260522.csv,day_ahead_frozen,prediction_log
2026-05-23,2026-07-21T12:40:43.693928+02:00,2026-05-22T07:03:00.310000+02:00,2026-05-22,2.158333333333333,2.225093740224838,2.715886902407143,2.8496032734716055,-0.06676040689150486,-0.13371637106446244,4.495833333333334,4.958333333333333,2.756369193394979,24,next_day_wind_model/artifacts/daily_error_details/20260523_dayahead_actual_forecast_lstm.csv,next_day_wind_model/artifacts/dayahead_snapshots/20260522-072130_target_20260523.csv,day_ahead_frozen,prediction_log
2026-05-24,2026-07-21T12:40:43.693928+02:00,2026-05-23T07:03:02.036000+02:00,2026-05-23,2.157894736842105,1.1579815485236937,2.620021000211877,1.3880266531878058,0.9999131883184111,1.2319943470240713,3.3837719298245617,4.958333333333333,3.292902352909247,24,next_day_wind_model/artifacts/daily_error_details/20260524_dayahead_actual_forecast_lstm.csv,next_day_wind_model/artifacts/dayahead_snapshots/20260523-072004_target_20260524.csv,day_ahead_frozen,prediction_log
2026-05-25,2026-07-21T12:40:43.693928+02:00,2026-05-24T07:03:01.509000+02:00,2026-05-24,2.8776315789473688,1.5005031040363146,3.424237046941592,2.0666380290567274,1.3771284749110542,1.3575990178848647,2.8723684210526312,4.541666666666667,2.832727387547493,24,next_day_wind_model/artifacts/daily_error_details/20260525_dayahead_actual_forecast_lstm.csv,next_day_wind_model/artifacts/dayahead_snapshots/20260524-072003_target_20260525.csv,day_ahead_frozen,prediction_log
2026-05-26,2026-07-21T12:40:43.693928+02:00,2026-05-25T07:03:05.891000+02:00,2026-05-25,2.5395833333333333,1.846678273876508,2.974212080534944,2.098822299699668,0.6929050594568253,0.8753897808352762,3.252083333333333,5.208333333333333,3.475505456328392,24,next_day_wind_model/artifacts/daily_error_details/20260526_dayahead_actual_forecast_lstm.csv,next_day_wind_model/artifacts/dayahead_snapshots/20260525-072019_target_20260526.csv,day_ahead_frozen,prediction_log
2026-05-27,2026-07-21T12:40:43.693928+02:00,2026-05-26T07:03:04.678000+02:00,2026-05-26,3.2726973684210527,1.326268976090247,3.577888896303745,1.6734751032075903,1.9464283923308057,1.9044137930961549,5.352302631578948,8.625,6.370490183432897,24,next_day_wind_model/artifacts/daily_error_details/20260527_dayahead_actual_forecast_lstm.csv,next_day_wind_model/artifacts/dayahead_snapshots/20260526-072024_target_20260527.csv,day_ahead_frozen,prediction_log
2026-05-28,2026-07-21T12:40:43.693928+02:00,2026-05-27T07:03:05.462000+02:00,2026-05-27,3.6628289473684212,1.1057831672199985,3.9615690109049613,1.389456112611076,2.5570457801484228,2.5721128982938852,4.003837719298246,7.666666666666667,4.83181494474411,24,next_day_wind_model/artifacts/daily_error_details/20260528_dayahead_actual_forecast_lstm.csv,next_day_wind_model/artifacts/dayahead_snapshots/20260527-072021_target_20260528.csv,day_ahead_frozen,prediction_log
2026-05-29,2026-07-21T12:40:43.693928+02:00,2026-05-28T07:03:06.547000+02:00,2026-05-28,2.468859649122807,1.618243654150712,2.964013832782054,2.1607649289899085,0.8506159949720953,0.8032489037921455,4.822807017543859,6.333333333333333,4.243824263413747,24,next_day_wind_model/artifacts/daily_error_details/20260529_dayahead_actual_forecast_lstm.csv,next_day_wind_model/artifacts/dayahead_snapshots/20260528-072024_target_20260529.csv,day_ahead_frozen,prediction_log
2026-05-30,2026-07-21T12:40:43.693928+02:00,2026-05-29T07:03:07.915000+02:00,2026-05-29,2.6518640350877196,1.3602819712538468,2.9935728224490603,1.714401271887647,1.2915820638338729,1.2791715505614134,3.348135964912281,5.041666666666667,3.7657493948936462,24,next_day_wind_model/artifacts/daily_error_details/20260530_dayahead_actual_forecast_lstm.csv,next_day_wind_model/artifacts/dayahead_snapshots/20260529-072116_target_20260530.csv,day_ahead_frozen,prediction_log
2026-05-31,2026-07-21T12:40:43.693928+02:00,2026-05-30T07:03:11.120000+02:00,2026-05-30,2.3782894736842106,1.2201267094727148,3.109448747658031,1.5661204172720788,1.1581627642114958,1.5433283303859522,4.955043859649122,7.0,5.289204113185406,24,next_day_wind_model/artifacts/daily_error_details/20260531_dayahead_actual_forecast_lstm.csv,next_day_wind_model/artifacts/dayahead_snapshots/20260530-072147_target_20260531.csv,day_ahead_frozen,prediction_log
2026-06-01,2026-07-21T12:40:43.693928+02:00,2026-05-31T07:03:14.164000+02:00,2026-05-31,1.9004385964912283,1.7449309540945188,2.323300220602319,2.217470928241393,0.15550764239670944,0.10582929236092609,4.724561403508773,4.208333333333333,3.308554088075956,24,next_day_wind_model/artifacts/daily_error_details/20260601_dayahead_actual_forecast_lstm.csv,next_day_wind_model/artifacts/dayahead_snapshots/20260531-072152_target_20260601.csv,day_ahead_frozen,prediction_log
2026-06-02,2026-07-21T12:40:43.693928+02:00,2026-06-01T07:03:14.500000+02:00,2026-06-01,2.7855263157894736,2.462975766156849,3.3167451978249023,3.366237081913954,0.3225505496326244,-0.04949188408905192,5.339473684210527,7.541666666666667,6.63298483689626,24,next_day_wind_model/artifacts/daily_error_details/20260602_dayahead_actual_forecast_lstm.csv,next_day_wind_model/artifacts/dayahead_snapshots/20260601-072134_target_20260602.csv,day_ahead_frozen,prediction_log
2026-06-03,2026-07-21T12:40:43.693928+02:00,2026-06-02T07:03:18.629000+02:00,2026-06-02,2.067982456140351,1.7123293330794886,2.474733703274704,2.4272775149320616,0.3556531230608624,0.047456188342642314,10.494517543859649,11.291666666666666,11.788718163967133,24,next_day_wind_model/artifacts/daily_error_details/20260603_dayahead_actual_forecast_lstm.csv,next_day_wind_model/artifacts/dayahead_snapshots/20260602-072148_target_20260603.csv,day_ahead_frozen,prediction_log
2026-06-04,2026-07-21T12:40:43.693928+02:00,2026-06-03T07:03:17.802000+02:00,2026-06-03,1.7316176470588236,2.5425538913876404,2.0662844504615396,3.0426409633876466,-0.8109362443288168,-0.9763565129261069,13.552450980392157,12.875,13.665051221847534,24,next_day_wind_model/artifacts/daily_error_details/20260604_dayahead_actual_forecast_lstm.csv,next_day_wind_model/artifacts/dayahead_snapshots/20260603-072101_target_20260604.csv,day_ahead_frozen,prediction_log
2026-06-05,2026-07-21T12:40:43.693928+02:00,2026-06-04T07:03:18.295000+02:00,2026-06-04,1.437609649122807,1.50315139450525,1.7668922387308077,1.85224012715611,-0.06554174538244295,-0.08534788842530228,8.695723684210527,9.25,8.586947510639826,24,next_day_wind_model/artifacts/daily_error_details/20260605_dayahead_actual_forecast_lstm.csv,next_day_wind_model/artifacts/dayahead_snapshots/20260604-072152_target_20260605.csv,day_ahead_frozen,prediction_log
2026-06-06,2026-07-21T12:40:43.693928+02:00,2026-06-05T07:03:20.504000+02:00,2026-06-05,1.9196271929824562,2.1150875465388883,2.2712360291666456,2.7774409580318618,-0.1954603535564321,-0.5062049288652162,7.242872807017544,7.875,7.783836538592975,24,next_day_wind_model/artifacts/daily_error_details/20260606_dayahead_actual_forecast_lstm.csv,next_day_wind_model/artifacts/dayahead_snapshots/20260605-072048_target_20260606.csv,day_ahead_frozen,prediction_log
2026-06-07,2026-07-21T12:40:43.693928+02:00,2026-06-06T07:03:19.531000+02:00,2026-06-06,1.6180921052631578,1.705079482521927,1.9240034564818267,2.1248102552169494,-0.08698737725876926,-0.20080679873512275,11.986074561403507,12.208333333333334,11.820785184701284,24,next_day_wind_model/artifacts/daily_error_details/20260607_dayahead_actual_forecast_lstm.csv,next_day_wind_model/artifacts/dayahead_snapshots/20260606-072058_target_20260607.csv,day_ahead_frozen,prediction_log
2026-06-08,2026-07-21T12:40:43.693928+02:00,2026-06-07T07:03:18.996000+02:00,2026-06-07,1.970394736842105,1.6801267054520155,2.3774554784832245,2.0884387513360467,0.2902680313900896,0.28901672714717774,5.779605263157895,7.166666666666667,5.590283865729968,24,next_day_wind_model/artifacts/daily_error_details/20260608_dayahead_actual_forecast_lstm.csv,next_day_wind_model/artifacts/dayahead_snapshots/20260607-072100_target_20260608.csv,day_ahead_frozen,prediction_log
2026-06-09,2026-07-21T12:40:43.693928+02:00,2026-06-08T07:03:21.829000+02:00,2026-06-08,1.985087719298246,1.7399398811030806,2.3986366934308636,2.180858634515181,0.24514783819516528,0.21777805891568258,10.695833333333333,10.708333333333334,9.521569202343622,24,next_day_wind_model/artifacts/daily_error_details/20260609_dayahead_actual_forecast_lstm.csv,next_day_wind_model/artifacts/dayahead_snapshots/20260608-072125_target_20260609.csv,day_ahead_frozen,prediction_log
2026-06-10,2026-07-21T12:40:43.693928+02:00,2026-06-09T07:03:26.427000+02:00,2026-06-09,2.0224780701754383,1.7419440683565641,2.7703016988714575,2.0569927067011045,0.2805340018188742,0.713308992170353,7.4233552631578945,8.833333333333334,7.435140331586202,24,next_day_wind_model/artifacts/daily_error_details/20260610_dayahead_actual_forecast_lstm.csv,next_day_wind_model/artifacts/dayahead_snapshots/20260609-072102_target_20260610.csv,day_ahead_frozen,prediction_log
2026-06-11,2026-07-21T12:40:43.693928+02:00,2026-06-10T07:03:21.042000+02:00,2026-06-10,1.3737938596491228,1.0184981086536458,1.7665365147880212,1.3418121621822088,0.35529575099547706,0.4247243526058124,6.872697368421053,7.458333333333333,6.52694246917963,24,next_day_wind_model/artifacts/daily_error_details/20260611_dayahead_actual_forecast_lstm.csv,next_day_wind_model/artifacts/dayahead_snapshots/20260610-072110_target_20260611.csv,day_ahead_frozen,prediction_log
2026-06-12,2026-07-21T12:40:43.693928+02:00,2026-06-11T07:03:25.543000+02:00,2026-06-11,1.5118421052631579,1.9153103694581148,1.9515534097195486,2.2309696241443295,-0.40346826419495696,-0.27941621442478093,12.779824561403508,12.416666666666666,11.339793046315512,24,next_day_wind_model/artifacts/daily_error_details/20260612_dayahead_actual_forecast_lstm.csv,next_day_wind_model/artifacts/dayahead_snapshots/20260611-072122_target_20260612.csv,day_ahead_frozen,prediction_log
2026-06-13,2026-07-21T12:40:43.693928+02:00,2026-06-12T07:03:23.584000+02:00,2026-06-12,1.9651315789473685,1.6289492488953108,2.7205019972914655,1.9920261171682487,0.33618233005205767,0.7284758801232167,10.055701754385964,11.125,9.562952826420466,24,next_day_wind_model/artifacts/daily_error_details/20260613_dayahead_actual_forecast_lstm.csv,next_day_wind_model/artifacts/dayahead_snapshots/20260612-072104_target_20260613.csv,day_ahead_frozen,prediction_log
2026-06-14,2026-07-21T12:40:43.693928+02:00,2026-06-13T07:03:28.611000+02:00,2026-06-13,1.1550438596491228,2.380904133487166,1.4229472830897312,2.6698824251796553,-1.225860273838043,-1.2469351420899242,11.400877192982456,10.708333333333334,9.01997305949529,24,next_day_wind_model/artifacts/daily_error_details/20260614_dayahead_actual_forecast_lstm.csv,next_day_wind_model/artifacts/dayahead_snapshots/20260613-072137_target_20260614.csv,day_ahead_frozen,prediction_log
2026-06-15,2026-07-21T12:40:43.693928+02:00,2026-06-14T07:03:27.807000+02:00,2026-06-14,1.3917763157894738,1.7812903348813975,1.894072663195001,2.181387628700994,-0.38951401909192374,-0.287314965505993,6.500109649122808,7.416666666666667,6.3889143367608385,24,next_day_wind_model/artifacts/daily_error_details/20260615_dayahead_actual_forecast_lstm.csv,next_day_wind_model/artifacts/dayahead_snapshots/20260614-072144_target_20260615.csv,day_ahead_frozen,prediction_log
2026-06-16,2026-07-21T12:40:43.693928+02:00,2026-06-15T07:03:29.852000+02:00,2026-06-15,2.569736842105263,1.335066545898454,3.0178196910855974,1.529260316525827,1.234670296206809,1.4885593745597705,4.3052631578947365,6.833333333333333,4.989360307653745,24,next_day_wind_model/artifacts/daily_error_details/20260616_dayahead_actual_forecast_lstm.csv,next_day_wind_model/artifacts/dayahead_snapshots/20260615-072132_target_20260616.csv,day_ahead_frozen,prediction_log
2026-06-17,2026-07-21T12:40:43.693928+02:00,2026-06-16T07:03:31.279000+02:00,2026-06-16,1.4632675438596492,1.465858926924697,1.9925154998348642,1.8648554893782305,-0.002591383065047914,0.12766001045663367,7.299232456140351,7.083333333333333,6.650707485775153,24,next_day_wind_model/artifacts/daily_error_details/20260617_dayahead_actual_forecast_lstm.csv,next_day_wind_model/artifacts/dayahead_snapshots/20260616-072124_target_20260617.csv,day_ahead_frozen,prediction_log
2026-06-18,2026-07-21T12:40:43.693928+02:00,2026-06-17T07:03:34.602000+02:00,2026-06-17,1.6234649122807019,1.094255374816426,1.92028778934456,1.324539101010804,0.5292095374642758,0.5957486883337559,3.680701754385965,4.625,4.028452018896739,24,next_day_wind_model/artifacts/daily_error_details/20260618_dayahead_actual_forecast_lstm.csv,next_day_wind_model/artifacts/dayahead_snapshots/20260617-072135_target_20260618.csv,day_ahead_frozen,prediction_log
2026-06-19,2026-07-21T12:40:43.693928+02:00,2026-06-18T07:03:33.075000+02:00,2026-06-18,3.1101973684210527,1.7997013729392437,3.7421845690143067,2.2544930352052046,1.310495995481809,1.4876915338091021,5.056469298245614,6.791666666666667,5.3098495950301485,24,next_day_wind_model/artifacts/daily_error_details/20260619_dayahead_actual_forecast_lstm.csv,next_day_wind_model/artifacts/dayahead_snapshots/20260618-072203_target_20260619.csv,day_ahead_frozen,prediction_log
2026-06-20,2026-07-21T12:40:43.693928+02:00,2026-06-19T07:03:35.332000+02:00,2026-06-19,2.0223684210526316,1.061721316868799,2.4326587040248318,1.2544707733597102,0.9606471041838327,1.1781879306651215,4.269298245614035,6.083333333333333,4.770352870225906,24,next_day_wind_model/artifacts/daily_error_details/20260620_dayahead_actual_forecast_lstm.csv,next_day_wind_model/artifacts/dayahead_snapshots/20260619-072208_target_20260620.csv,day_ahead_frozen,prediction_log
2026-06-21,2026-07-21T12:40:43.693928+02:00,2026-06-20T07:03:42.019000+02:00,2026-06-20,2.752997076023392,1.2307731979074534,3.290687924042636,1.5642240942000198,1.5222238781159387,1.726463829842616,3.2053362573099413,5.958333333333333,4.212326943874359,24,next_day_wind_model/artifacts/daily_error_details/20260621_dayahead_actual_forecast_lstm.csv,next_day_wind_model/artifacts/dayahead_snapshots/20260620-072235_target_20260621.csv,day_ahead_frozen,prediction_log
2026-06-22,2026-07-21T12:40:43.693928+02:00,2026-06-21T07:03:37.514000+02:00,2026-06-21,2.7950657894736843,1.0093606844282987,3.2421833605169983,1.3297914318496156,1.7857051050453856,1.9123919286673827,5.496600877192982,8.166666666666666,6.410402297973633,24,next_day_wind_model/artifacts/daily_error_details/20260622_dayahead_actual_forecast_lstm.csv,next_day_wind_model/artifacts/dayahead_snapshots/20260621-072135_target_20260622.csv,day_ahead_frozen,prediction_log
2026-06-23,2026-07-21T12:40:43.693928+02:00,2026-06-22T07:03:37.734000+02:00,2026-06-22,3.103947368421052,1.4887635951502283,3.466622690208674,1.856387905971786,1.6151837732708239,1.6102347842368878,2.896052631578948,5.666666666666667,4.308407614628474,24,next_day_wind_model/artifacts/daily_error_details/20260623_dayahead_actual_forecast_lstm.csv,next_day_wind_model/artifacts/dayahead_snapshots/20260622-072200_target_20260623.csv,day_ahead_frozen,prediction_log
2026-06-24,2026-07-21T12:40:43.693928+02:00,2026-06-23T07:03:50.026000+02:00,2026-06-23,2.9847587719298247,2.0054605578121385,3.5175600335411503,2.584730082518917,0.9792982141176862,0.9328299510222333,3.7235745614035083,6.125,4.977856993675232,24,next_day_wind_model/artifacts/daily_error_details/20260624_dayahead_actual_forecast_lstm.csv,next_day_wind_model/artifacts/dayahead_snapshots/20260623-072223_target_20260624.csv,day_ahead_frozen,prediction_log
2026-06-25,2026-07-21T12:40:43.693928+02:00,2026-06-24T07:03:38.192000+02:00,2026-06-24,3.4069322612085773,1.442699363450093,3.830141974191454,1.8247368211270154,1.9642328977584842,2.0054051530644386,5.009734405458089,8.416666666666666,6.231989065806071,24,next_day_wind_model/artifacts/daily_error_details/20260625_dayahead_actual_forecast_lstm.csv,next_day_wind_model/artifacts/dayahead_snapshots/20260624-072214_target_20260625.csv,day_ahead_frozen,prediction_log
2026-06-26,2026-07-21T12:40:43.693928+02:00,2026-06-25T07:03:58.305000+02:00,2026-06-25,3.242763157894737,1.3151133718197807,3.934449913505528,1.5448055294722702,1.9276497860749562,2.3896443840332577,4.2572368421052635,7.458333333333333,5.572350213925044,24,next_day_wind_model/artifacts/daily_error_details/20260626_dayahead_actual_forecast_lstm.csv,next_day_wind_model/artifacts/dayahead_snapshots/20260625-072303_target_20260626.csv,day_ahead_frozen,prediction_log
2026-06-27,2026-07-21T12:40:43.693928+02:00,2026-06-26T07:03:36.739000+02:00,2026-06-26,2.8287280701754387,2.0078595283784364,3.590234234135104,2.5615272549715393,0.8208685417970023,1.0287069791635646,4.425438596491228,5.541666666666667,5.0649605095386505,24,next_day_wind_model/artifacts/daily_error_details/20260627_dayahead_actual_forecast_lstm.csv,next_day_wind_model/artifacts/dayahead_snapshots/20260626-072227_target_20260627.csv,day_ahead_frozen,prediction_log
2026-06-28,2026-07-21T12:40:43.693928+02:00,2026-06-27T07:04:08.015000+02:00,2026-06-27,3.014583333333334,2.7064074873924255,3.7180724172613955,3.2160936294673212,0.3081758459409083,0.5019787877940742,7.3187500000000005,7.958333333333333,7.3333185116449995,24,next_day_wind_model/artifacts/daily_error_details/20260628_dayahead_actual_forecast_lstm.csv,next_day_wind_model/artifacts/dayahead_snapshots/20260627-072120_target_20260628.csv,day_ahead_frozen,prediction_log
2026-06-29,2026-07-21T12:40:43.693928+02:00,2026-06-28T07:03:59.398000+02:00,2026-06-28,1.7221192185007972,1.6860271391527633,2.2256388213668052,2.0632432715929405,0.036092079348033934,0.16239554977386472,6.644108851674641,7.708333333333333,6.972951223452886,24,next_day_wind_model/artifacts/daily_error_details/20260629_dayahead_actual_forecast_lstm.csv,next_day_wind_model/artifacts/dayahead_snapshots/20260628-072250_target_20260629.csv,day_ahead_frozen,prediction_log
2026-06-30,2026-07-21T12:40:43.693928+02:00,2026-06-29T07:04:01.092000+02:00,2026-06-29,1.3962719298245616,1.2588126467508183,1.6832881931725887,1.5774796575992154,0.13745928307374333,0.10580853557337333,2.4370614035087717,3.25,3.314397777120272,24,next_day_wind_model/artifacts/daily_error_details/20260630_dayahead_actual_forecast_lstm.csv,next_day_wind_model/artifacts/dayahead_snapshots/20260629-072313_target_20260630.csv,day_ahead_frozen,prediction_log
2026-07-01,2026-07-21T12:40:43.693928+02:00,2026-06-30T07:03:42.562000+02:00,2026-06-30,1.4660087719298247,1.6641329740223132,1.8747571403197951,2.1009014750503865,-0.1981242020924885,-0.22614433473059137,3.561842105263158,4.791666666666667,4.7332974672317505,24,next_day_wind_model/artifacts/daily_error_details/20260701_dayahead_actual_forecast_lstm.csv,next_day_wind_model/artifacts/dayahead_snapshots/20260630-072349_target_20260701.csv,day_ahead_frozen,prediction_log
2026-07-02,2026-07-21T12:40:43.693928+02:00,2026-07-01T07:03:51.863000+02:00,2026-07-01,1.4778508771929826,1.4630688970549066,1.973534789665567,1.6044851520541055,0.014781980138075967,0.3690496376114616,10.396491228070174,10.25,9.52356642484665,24,next_day_wind_model/artifacts/daily_error_details/20260702_dayahead_actual_forecast_lstm.csv,next_day_wind_model/artifacts/dayahead_snapshots/20260701-072419_target_20260702.csv,day_ahead_frozen,prediction_log
2026-07-03,2026-07-21T12:40:43.693928+02:00,2026-07-02T07:03:49.523000+02:00,2026-07-02,1.799232456140351,1.4716323843127803,2.3409312921152625,1.8081067111769702,0.32760007182757067,0.5328245809382923,5.992434210526316,7.583333333333333,7.368765523036321,24,next_day_wind_model/artifacts/daily_error_details/20260703_dayahead_actual_forecast_lstm.csv,next_day_wind_model/artifacts/dayahead_snapshots/20260702-072414_target_20260703.csv,day_ahead_frozen,prediction_log
2026-07-04,2026-07-21T12:40:43.693928+02:00,2026-07-03T07:03:46.643000+02:00,2026-07-03,1.757785087719298,1.8347015955991912,2.4700199741436326,2.18800960574216,-0.07691650787989324,0.28201036840147253,8.886951754385963,7.5,7.2265231013298035,24,next_day_wind_model/artifacts/daily_error_details/20260704_dayahead_actual_forecast_lstm.csv,next_day_wind_model/artifacts/dayahead_snapshots/20260703-072122_target_20260704.csv,day_ahead_frozen,prediction_log
2026-07-05,2026-07-21T12:40:43.693928+02:00,2026-07-04T07:03:44.924000+02:00,2026-07-04,1.6634868421052629,1.1343192893162108,2.501479998209149,1.6272526792672917,0.529167552789052,0.8742273189418572,7.5365131578947375,8.416666666666666,7.908652206261952,24,next_day_wind_model/artifacts/daily_error_details/20260705_dayahead_actual_forecast_lstm.csv,next_day_wind_model/artifacts/dayahead_snapshots/20260704-072151_target_20260705.csv,day_ahead_frozen,prediction_log
2026-07-06,2026-07-21T12:40:43.693928+02:00,2026-07-05T07:03:56.754000+02:00,2026-07-05,3.782894736842105,3.5578852379008343,4.642351345568013,4.272096588489894,0.22500949894127054,0.3702547570781194,8.950877192982455,5.833333333333333,5.831390554706256,24,next_day_wind_model/artifacts/daily_error_details/20260706_dayahead_actual_forecast_lstm.csv,next_day_wind_model/artifacts/dayahead_snapshots/20260705-072138_target_20260706.csv,day_ahead_frozen,prediction_log
2026-07-07,2026-07-21T12:40:43.693928+02:00,2026-07-06T07:03:54.424000+02:00,2026-07-06,2.4195175438596492,1.943653232800333,3.1671910862357677,2.4219435985348445,0.47586431105931615,0.7452474877009232,6.705482456140351,8.458333333333334,8.01057900985082,24,next_day_wind_model/artifacts/daily_error_details/20260707_dayahead_actual_forecast_lstm.csv,next_day_wind_model/artifacts/dayahead_snapshots/20260706-072159_target_20260707.csv,day_ahead_frozen,prediction_log
2026-07-08,2026-07-21T12:40:43.693928+02:00,2026-07-07T07:03:53.550000+02:00,2026-07-07,1.1364035087719297,0.956719490101463,1.620787031100839,1.1439193648282384,0.1796840186704668,0.4768676662726006,6.0552631578947365,6.375,6.24667227268219,24,next_day_wind_model/artifacts/daily_error_details/20260708_dayahead_actual_forecast_lstm.csv,next_day_wind_model/artifacts/dayahead_snapshots/20260707-072339_target_20260708.csv,day_ahead_frozen,prediction_log
2026-07-09,2026-07-21T12:40:43.693928+02:00,2026-07-08T07:03:55.806000+02:00,2026-07-08,2.860087719298246,2.382588850197039,3.1979549674981183,2.9630997682611375,0.47749886910120676,0.23485519923698073,2.6399122807017545,5.208333333333333,4.805354158083598,24,next_day_wind_model/artifacts/daily_error_details/20260709_dayahead_actual_forecast_lstm.csv,next_day_wind_model/artifacts/dayahead_snapshots/20260708-072357_target_20260709.csv,day_ahead_frozen,prediction_log
2026-07-10,2026-07-21T12:40:43.693928+02:00,2026-07-09T07:04:00.759000+02:00,2026-07-09,3.2871710526315794,1.1919735518463872,3.637086189349032,1.4046838882316184,2.095197500785192,2.2324023011174137,4.712828947368421,7.958333333333333,5.7919087906678515,24,next_day_wind_model/artifacts/daily_error_details/20260710_dayahead_actual_forecast_lstm.csv,next_day_wind_model/artifacts/dayahead_snapshots/20260709-072425_target_20260710.csv,day_ahead_frozen,prediction_log
2026-07-11,2026-07-21T12:40:43.693928+02:00,2026-07-10T07:03:57.212000+02:00,2026-07-10,2.8019736842105263,1.4509728010286365,3.1420767028294403,2.030142819225053,1.3510008831818898,1.1119338836043875,5.073026315789473,7.75,6.397151460250218,24,next_day_wind_model/artifacts/daily_error_details/20260711_dayahead_actual_forecast_lstm.csv,next_day_wind_model/artifacts/dayahead_snapshots/20260710-072340_target_20260711.csv,day_ahead_frozen,prediction_log
2026-07-12,2026-07-21T12:40:43.693928+02:00,2026-07-11T07:04:00.144000+02:00,2026-07-11,2.093092105263158,1.0343276128434298,2.396595155686196,1.30658864927812,1.0587644924197284,1.090006506408076,6.698574561403508,8.708333333333334,7.031178553899129,24,next_day_wind_model/artifacts/daily_error_details/20260712_dayahead_actual_forecast_lstm.csv,next_day_wind_model/artifacts/dayahead_snapshots/20260711-072420_target_20260712.csv,day_ahead_frozen,prediction_log
2026-07-13,2026-07-21T12:40:43.693928+02:00,2026-07-12T07:04:03.852000+02:00,2026-07-12,2.7680921052631575,1.8703494762119497,3.2571775544112263,2.079231022634373,0.8977426290512078,1.1779465317768532,7.0652412280701755,8.875,7.110332210858663,24,next_day_wind_model/artifacts/daily_error_details/20260713_dayahead_actual_forecast_lstm.csv,next_day_wind_model/artifacts/dayahead_snapshots/20260712-072409_target_20260713.csv,day_ahead_frozen,prediction_log
2026-07-14,2026-07-21T12:40:43.693928+02:00,2026-07-13T07:04:01.567000+02:00,2026-07-13,3.9176535087719295,1.4401835344339673,4.08176455486449,1.834304669909621,2.4774699743379625,2.247459884954869,6.165679824561404,10.083333333333334,7.426394174496333,24,next_day_wind_model/artifacts/daily_error_details/20260714_dayahead_actual_forecast_lstm.csv,next_day_wind_model/artifacts/dayahead_snapshots/20260713-072442_target_20260714.csv,day_ahead_frozen,prediction_log
2026-07-15,2026-07-21T12:40:43.693928+02:00,2026-07-14T07:04:08.900000+02:00,2026-07-14,3.0074561403508775,1.3827531212254573,3.360923931332995,1.7015548728852325,1.6247030191254201,1.6593690584477623,6.242543859649122,9.25,7.031016667683919,24,next_day_wind_model/artifacts/daily_error_details/20260715_dayahead_actual_forecast_lstm.csv,next_day_wind_model/artifacts/dayahead_snapshots/20260714-072424_target_20260715.csv,day_ahead_frozen,prediction_log
2026-07-16,2026-07-21T12:40:43.693928+02:00,2026-07-15T07:04:08.399000+02:00,2026-07-15,1.7097774051140924,1.5900015987444738,2.2323736789275457,2.3166816530653085,0.1197758063696186,-0.08430797413776281,5.498555928219241,6.708333333333333,6.214274475971858,24,next_day_wind_model/artifacts/daily_error_details/20260716_dayahead_actual_forecast_lstm.csv,next_day_wind_model/artifacts/dayahead_snapshots/20260715-072748_target_20260716.csv,day_ahead_frozen,prediction_log
2026-07-17,2026-07-21T12:40:43.693928+02:00,2026-07-16T07:04:04.160000+02:00,2026-07-16,1.5328216374269008,1.3339288864219399,1.9348978204977394,1.9860755262898406,0.19889275100496095,-0.051177705792101236,7.4088450292397665,8.791666666666666,8.41157736380895,24,next_day_wind_model/artifacts/daily_error_details/20260717_dayahead_actual_forecast_lstm.csv,next_day_wind_model/artifacts/dayahead_snapshots/20260716-072733_target_20260717.csv,day_ahead_frozen,prediction_log
2026-07-18,2026-07-21T12:40:43.693928+02:00,2026-07-17T07:04:23.413000+02:00,2026-07-17,1.211342677790046,1.3370476505378364,1.482019166086348,1.7368559872215317,-0.12570497274779036,-0.2548368211351837,8.97477558990717,9.0,8.477203567822775,24,next_day_wind_model/artifacts/daily_error_details/20260718_dayahead_actual_forecast_lstm.csv,next_day_wind_model/artifacts/dayahead_snapshots/20260717-072653_target_20260718.csv,day_ahead_frozen,prediction_log
2026-07-19,2026-07-21T12:40:43.693928+02:00,2026-07-18T07:04:14.825000+02:00,2026-07-18,1.1171940267335005,1.1290432764673193,1.4633470439724772,1.456628673594576,-0.011849249733818734,0.006718370377901239,11.599618838763575,12.208333333333334,10.774234930674234,24,next_day_wind_model/artifacts/daily_error_details/20260719_dayahead_actual_forecast_lstm.csv,next_day_wind_model/artifacts/dayahead_snapshots/20260718-072219_target_20260719.csv,day_ahead_frozen,prediction_log
2026-07-20,2026-07-21T12:40:43.693928+02:00,2026-07-19T07:04:57.450000+02:00,2026-07-19,0.9991697994987466,1.437296225771669,1.4982737717452361,1.6691489259351258,-0.4381264262729224,-0.17087515418988963,9.572780910609858,9.666666666666666,8.575990517934164,24,next_day_wind_model/artifacts/daily_error_details/20260720_dayahead_actual_forecast_lstm.csv,next_day_wind_model/artifacts/dayahead_snapshots/20260719-072225_target_20260720.csv,day_ahead_frozen,prediction_log
