target_time_utc,target_time_local,forecast_wind_speed,forecast_wind_min,forecast_wind_max,lstm_pred_wind_speed,forecast_wind_dir_deg,lstm_pred_wind_dir_deg,forecast_temperature_c,weather_code,weather_source,is_daylight,hour_utc,hour_local,delta_speed_lstm_minus_forecast,delta_dir_lstm_minus_forecast,issue_time_utc,forecast_available,harmonie_run_ts,harmonie_fetched_ts,speed_model_id,direction_model_id,calibration_policy
2026-10-06 06:00:00+00:00,2026-10-06 08:00:00+02:00,2.0,2.0,4.0,2.656856,260.0,252.16348,17.1,3,windsurfice,True,06,08,0.65685606,-7.8365173,2026-10-04T14:00:00+00:00,True,1791122045203.0,1791122045203.0,20261003080000_af4b4f24_speed,20261003080000_af4b4f24_direction,none
2026-10-06 07:00:00+00:00,2026-10-06 09:00:00+02:00,1.0,1.0,3.0,2.2157059,233.0,236.76773,17.5,3,windsurfice,True,07,09,1.2157059,3.7677307,2026-10-04T14:00:00+00:00,True,1791122045203.0,1791122045203.0,20261003080000_af4b4f24_speed,20261003080000_af4b4f24_direction,none
2026-10-06 08:00:00+00:00,2026-10-06 10:00:00+02:00,1.0,1.0,3.0,1.9797231,130.0,128.0844,18.2,3,windsurfice,True,08,10,0.9797231,-1.9156036,2026-10-04T14:00:00+00:00,True,1791122045203.0,1791122045203.0,20261003080000_af4b4f24_speed,20261003080000_af4b4f24_direction,none
2026-10-06 09:00:00+00:00,2026-10-06 11:00:00+02:00,3.0,3.0,6.0,4.8333793,183.0,180.03984,19.3,3,windsurfice,True,09,11,1.8333793,-2.9601593,2026-10-04T14:00:00+00:00,True,1791122045203.0,1791122045203.0,20261003080000_af4b4f24_speed,20261003080000_af4b4f24_direction,none
2026-10-06 10:00:00+00:00,2026-10-06 12:00:00+02:00,3.0,3.0,7.0,5.4574227,190.0,184.73137,19.8,3,windsurfice,True,10,12,2.4574227,-5.268631,2026-10-04T14:00:00+00:00,True,1791122045203.0,1791122045203.0,20261003080000_af4b4f24_speed,20261003080000_af4b4f24_direction,none
2026-10-06 11:00:00+00:00,2026-10-06 13:00:00+02:00,3.0,3.0,7.0,5.88058,215.0,206.41997,20.6,3,windsurfice,True,11,13,2.88058,-8.580032,2026-10-04T14:00:00+00:00,True,1791122045203.0,1791122045203.0,20261003080000_af4b4f24_speed,20261003080000_af4b4f24_direction,none
2026-10-06 12:00:00+00:00,2026-10-06 14:00:00+02:00,3.0,3.0,7.0,6.1090174,230.0,224.73962,20.7,3,windsurfice,True,12,14,3.1090174,-5.260376,2026-10-04T14:00:00+00:00,True,1791122045203.0,1791122045203.0,20261003080000_af4b4f24_speed,20261003080000_af4b4f24_direction,none
2026-10-06 13:00:00+00:00,2026-10-06 15:00:00+02:00,7.0,7.0,13.0,7.4828997,285.0,284.28278,19.5,1,windsurfice,True,13,15,0.48289967,-0.7172241,2026-10-04T14:00:00+00:00,True,1791122045203.0,1791122045203.0,20261003080000_af4b4f24_speed,20261003080000_af4b4f24_direction,none
2026-10-06 14:00:00+00:00,2026-10-06 16:00:00+02:00,6.0,6.0,13.0,7.1802278,295.0,292.75467,19.2,1,windsurfice,True,14,16,1.1802278,-2.2453308,2026-10-04T14:00:00+00:00,True,1791122045203.0,1791122045203.0,20261003080000_af4b4f24_speed,20261003080000_af4b4f24_direction,none
2026-10-06 15:00:00+00:00,2026-10-06 17:00:00+02:00,3.0,3.0,12.0,6.4460764,308.0,304.08008,19.2,0,windsurfice,True,15,17,3.4460764,-3.9199219,2026-10-04T14:00:00+00:00,True,1791122045203.0,1791122045203.0,20261003080000_af4b4f24_speed,20261003080000_af4b4f24_direction,none
2026-10-06 16:00:00+00:00,2026-10-06 18:00:00+02:00,2.0,2.0,7.0,6.1032786,350.0,347.3744,19.7,1,windsurfice,True,16,18,4.1032786,-2.6256104,2026-10-04T14:00:00+00:00,True,1791122045203.0,1791122045203.0,20261003080000_af4b4f24_speed,20261003080000_af4b4f24_direction,none
2026-10-06 17:00:00+00:00,2026-10-06 19:00:00+02:00,3.0,3.0,5.0,6.0562067,55.0,50.788578,19.1,1,windsurfice,True,17,19,3.0562067,-4.211426,2026-10-04T14:00:00+00:00,True,1791122045203.0,1791122045203.0,20261003080000_af4b4f24_speed,20261003080000_af4b4f24_direction,none
2026-10-06 18:00:00+00:00,2026-10-06 20:00:00+02:00,4.0,4.0,5.0,4.454431,60.0,52.65259,18.0,1,windsurfice,False,18,20,0.45443106,-7.347412,2026-10-04T14:00:00+00:00,True,1791122045203.0,1791122045203.0,20261003080000_af4b4f24_speed,20261003080000_af4b4f24_direction,none
2026-10-06 19:00:00+00:00,2026-10-06 21:00:00+02:00,4.0,4.0,5.0,3.743109,58.0,52.800087,17.5,1,windsurfice,False,19,21,-0.256891,-5.1999207,2026-10-04T14:00:00+00:00,True,1791122045203.0,1791122045203.0,20261003080000_af4b4f24_speed,20261003080000_af4b4f24_direction,none
2026-10-06 20:00:00+00:00,2026-10-06 22:00:00+02:00,4.0,4.0,6.0,3.022475,66.0,59.81053,17.0,0,windsurfice,False,20,22,-0.977525,-6.1894684,2026-10-04T14:00:00+00:00,True,1791122045203.0,1791122045203.0,20261003080000_af4b4f24_speed,20261003080000_af4b4f24_direction,none
