target_time_utc,target_time_local,hour_utc,hour_local,forecast_wind_speed,forecast_wind_min,forecast_wind_max,lstm_pred_wind_speed,delta_speed_lstm_minus_forecast,forecast_wind_dir_deg,lstm_pred_wind_dir_deg,delta_dir_lstm_minus_forecast,forecast_temperature_c,weather_code,weather_source,is_daylight
2026-09-27T22:00:00Z,2026-09-28T00:00:00+0200,22,00,8.0,8.0,13.0,5.7716627,-2.2283373,243.0,237.95245,-5.0475464,18.842431640625023,3,knmi_p1,False
2026-09-27T23:00:00Z,2026-09-28T01:00:00+0200,23,01,9.0,9.0,16.0,6.8923845,-2.1076155,239.0,233.51524,-5.4847565,19.014062500000023,3,knmi_p1,False
2026-09-28T00:00:00Z,2026-09-28T02:00:00+0200,00,02,8.0,8.0,16.0,6.281949,-1.718051,250.0,243.25583,-6.744171,18.433496093750023,3,knmi_p1,False
2026-09-28T01:00:00Z,2026-09-28T03:00:00+0200,01,03,5.0,5.0,13.0,3.9186018,-1.0813982,234.0,226.85013,-7.149872,18.130273437500023,3,knmi_p1,False
2026-09-28T02:00:00Z,2026-09-28T04:00:00+0200,02,04,6.0,6.0,13.0,4.69967,-1.3003302,240.0,232.52386,-7.4761353,18.300927734375023,3,knmi_p1,False
2026-09-28T03:00:00Z,2026-09-28T05:00:00+0200,03,05,5.0,5.0,10.0,3.550379,-1.449621,261.0,251.38849,-9.611511,17.883447265625023,3,knmi_p1,False
2026-09-28T04:00:00Z,2026-09-28T06:00:00+0200,04,06,5.0,5.0,9.0,3.6100426,-1.3899574,262.0,254.73093,-7.2690735,17.520166015625023,2,knmi_p1,False
2026-09-28T05:00:00Z,2026-09-28T07:00:00+0200,05,07,3.0,3.0,8.0,2.0013604,-0.9986396,276.0,266.29343,-9.7065735,17.175195312500023,3,knmi_p1,False
2026-09-28T06:00:00Z,2026-09-28T08:00:00+0200,06,08,1.0,1.0,4.0,1.3359576,0.33595765,223.0,211.56308,-11.43692,17.335107421875023,3,knmi_p1,True
2026-09-28T07:00:00Z,2026-09-28T09:00:00+0200,07,09,2.0,2.0,4.0,1.6021113,-0.39788866,259.0,247.73318,-11.266815,17.806542968750023,3,knmi_p1,True
2026-09-28T08:00:00Z,2026-09-28T10:00:00+0200,08,10,3.0,3.0,6.0,2.398982,-0.60101795,282.0,273.65982,-8.340179,18.056542968750023,3,knmi_p1,True
2026-09-28T09:00:00Z,2026-09-28T11:00:00+0200,09,11,4.0,4.0,9.0,3.2586067,-0.7413933,312.0,306.74765,-5.25235,18.944482421875023,3,knmi_p1,True
2026-09-28T10:00:00Z,2026-09-28T12:00:00+0200,10,12,5.0,5.0,10.0,4.0379753,-0.9620247,347.0,336.30637,-10.693634,18.706201171875023,3,knmi_p1,True
2026-09-28T11:00:00Z,2026-09-28T13:00:00+0200,11,13,4.0,4.0,9.0,3.1697235,-0.8302765,355.0,339.84247,-15.157532,19.052880859375023,51,knmi_p1,True
2026-09-28T12:00:00Z,2026-09-28T14:00:00+0200,12,14,5.0,5.0,10.0,4.1374364,-0.8625636,355.0,340.02374,-14.976257,18.943994140625023,51,knmi_p1,True
2026-09-28T13:00:00Z,2026-09-28T15:00:00+0200,13,15,4.0,4.0,9.0,3.257564,-0.74243593,341.0,327.01862,-13.981384,19.864892578125023,3,knmi_p1,True
2026-09-28T14:00:00Z,2026-09-28T16:00:00+0200,14,16,5.0,5.0,11.0,4.0832586,-0.9167414,356.0,341.4574,-14.542603,20.054833984375023,3,knmi_p1,True
2026-09-28T15:00:00Z,2026-09-28T17:00:00+0200,15,17,7.0,7.0,13.0,5.5622244,-1.4377756,1.0,347.57864,-13.421387,19.432519531250023,51,knmi_p1,True
2026-09-28T16:00:00Z,2026-09-28T18:00:00+0200,16,18,5.0,5.0,12.0,3.5769632,-1.4230368,21.0,10.0850725,-10.914932,18.775292968750023,51,knmi_p1,True
2026-09-28T17:00:00Z,2026-09-28T19:00:00+0200,17,19,7.0,7.0,12.0,4.2584352,-2.7415648,34.0,24.358799,-9.641205,17.817285156250023,3,knmi_p1,True
2026-09-28T18:00:00Z,2026-09-28T20:00:00+0200,18,20,8.0,8.0,15.0,4.7087407,-3.2912593,39.0,27.448036,-11.551971,17.243066406250023,3,knmi_p1,False
2026-09-28T19:00:00Z,2026-09-28T21:00:00+0200,19,21,8.0,8.0,15.0,4.508251,-3.4917488,39.0,29.358027,-9.641968,16.612207031250023,51,knmi_p1,False
2026-09-28T20:00:00Z,2026-09-28T22:00:00+0200,20,22,8.0,8.0,15.0,4.3765597,-3.6234403,38.0,30.968395,-7.031601,16.197656250000023,53,knmi_p1,False
2026-09-28T21:00:00Z,2026-09-28T23:00:00+0200,21,23,6.0,6.0,15.0,3.5317879,-2.4682121,23.0,15.037085,-7.962921,16.265771484375023,61,knmi_p1,False
